experiment_id	dataset	seed	action_budget	normalized_budget_cost	config_path	output_root
r22dc_jobs_seed42_k18	jobs	42	18	0	D:\学习记录\导师项目\研究\caiqiyue_file\paper-new-round22\configs\experiments\bandit_data_collection\jobs\r22dc_jobs_seed42_k18.yaml	paper-new-round22/outputs/bandit_data_collection/jobs/seed42/k18
r22dc_jobs_seed42_k19	jobs	42	19	0.25	D:\学习记录\导师项目\研究\caiqiyue_file\paper-new-round22\configs\experiments\bandit_data_collection\jobs\r22dc_jobs_seed42_k19.yaml	paper-new-round22/outputs/bandit_data_collection/jobs/seed42/k19
r22dc_jobs_seed42_k20	jobs	42	20	0.5	D:\学习记录\导师项目\研究\caiqiyue_file\paper-new-round22\configs\experiments\bandit_data_collection\jobs\r22dc_jobs_seed42_k20.yaml	paper-new-round22/outputs/bandit_data_collection/jobs/seed42/k20
r22dc_jobs_seed42_k21	jobs	42	21	0.75	D:\学习记录\导师项目\研究\caiqiyue_file\paper-new-round22\configs\experiments\bandit_data_collection\jobs\r22dc_jobs_seed42_k21.yaml	paper-new-round22/outputs/bandit_data_collection/jobs/seed42/k21
r22dc_jobs_seed42_k22	jobs	42	22	1	D:\学习记录\导师项目\研究\caiqiyue_file\paper-new-round22\configs\experiments\bandit_data_collection\jobs\r22dc_jobs_seed42_k22.yaml	paper-new-round22/outputs/bandit_data_collection/jobs/seed42/k22
r22dc_jobs_seed123_k18	jobs	123	18	0	D:\学习记录\导师项目\研究\caiqiyue_file\paper-new-round22\configs\experiments\bandit_data_collection\jobs\r22dc_jobs_seed123_k18.yaml	paper-new-round22/outputs/bandit_data_collection/jobs/seed123/k18
r22dc_jobs_seed123_k19	jobs	123	19	0.25	D:\学习记录\导师项目\研究\caiqiyue_file\paper-new-round22\configs\experiments\bandit_data_collection\jobs\r22dc_jobs_seed123_k19.yaml	paper-new-round22/outputs/bandit_data_collection/jobs/seed123/k19
r22dc_jobs_seed123_k20	jobs	123	20	0.5	D:\学习记录\导师项目\研究\caiqiyue_file\paper-new-round22\configs\experiments\bandit_data_collection\jobs\r22dc_jobs_seed123_k20.yaml	paper-new-round22/outputs/bandit_data_collection/jobs/seed123/k20
r22dc_jobs_seed123_k21	jobs	123	21	0.75	D:\学习记录\导师项目\研究\caiqiyue_file\paper-new-round22\configs\experiments\bandit_data_collection\jobs\r22dc_jobs_seed123_k21.yaml	paper-new-round22/outputs/bandit_data_collection/jobs/seed123/k21
r22dc_jobs_seed123_k22	jobs	123	22	1	D:\学习记录\导师项目\研究\caiqiyue_file\paper-new-round22\configs\experiments\bandit_data_collection\jobs\r22dc_jobs_seed123_k22.yaml	paper-new-round22/outputs/bandit_data_collection/jobs/seed123/k22
r22dc_jobs_seed456_k18	jobs	456	18	0	D:\学习记录\导师项目\研究\caiqiyue_file\paper-new-round22\configs\experiments\bandit_data_collection\jobs\r22dc_jobs_seed456_k18.yaml	paper-new-round22/outputs/bandit_data_collection/jobs/seed456/k18
r22dc_jobs_seed456_k19	jobs	456	19	0.25	D:\学习记录\导师项目\研究\caiqiyue_file\paper-new-round22\configs\experiments\bandit_data_collection\jobs\r22dc_jobs_seed456_k19.yaml	paper-new-round22/outputs/bandit_data_collection/jobs/seed456/k19
r22dc_jobs_seed456_k20	jobs	456	20	0.5	D:\学习记录\导师项目\研究\caiqiyue_file\paper-new-round22\configs\experiments\bandit_data_collection\jobs\r22dc_jobs_seed456_k20.yaml	paper-new-round22/outputs/bandit_data_collection/jobs/seed456/k20
r22dc_jobs_seed456_k21	jobs	456	21	0.75	D:\学习记录\导师项目\研究\caiqiyue_file\paper-new-round22\configs\experiments\bandit_data_collection\jobs\r22dc_jobs_seed456_k21.yaml	paper-new-round22/outputs/bandit_data_collection/jobs/seed456/k21
r22dc_jobs_seed456_k22	jobs	456	22	1	D:\学习记录\导师项目\研究\caiqiyue_file\paper-new-round22\configs\experiments\bandit_data_collection\jobs\r22dc_jobs_seed456_k22.yaml	paper-new-round22/outputs/bandit_data_collection/jobs/seed456/k22
r22dc_jobs_seed789_k18	jobs	789	18	0	D:\学习记录\导师项目\研究\caiqiyue_file\paper-new-round22\configs\experiments\bandit_data_collection\jobs\r22dc_jobs_seed789_k18.yaml	paper-new-round22/outputs/bandit_data_collection/jobs/seed789/k18
r22dc_jobs_seed789_k19	jobs	789	19	0.25	D:\学习记录\导师项目\研究\caiqiyue_file\paper-new-round22\configs\experiments\bandit_data_collection\jobs\r22dc_jobs_seed789_k19.yaml	paper-new-round22/outputs/bandit_data_collection/jobs/seed789/k19
r22dc_jobs_seed789_k20	jobs	789	20	0.5	D:\学习记录\导师项目\研究\caiqiyue_file\paper-new-round22\configs\experiments\bandit_data_collection\jobs\r22dc_jobs_seed789_k20.yaml	paper-new-round22/outputs/bandit_data_collection/jobs/seed789/k20
r22dc_jobs_seed789_k21	jobs	789	21	0.75	D:\学习记录\导师项目\研究\caiqiyue_file\paper-new-round22\configs\experiments\bandit_data_collection\jobs\r22dc_jobs_seed789_k21.yaml	paper-new-round22/outputs/bandit_data_collection/jobs/seed789/k21
r22dc_jobs_seed789_k22	jobs	789	22	1	D:\学习记录\导师项目\研究\caiqiyue_file\paper-new-round22\configs\experiments\bandit_data_collection\jobs\r22dc_jobs_seed789_k22.yaml	paper-new-round22/outputs/bandit_data_collection/jobs/seed789/k22
r22dc_jobs_seed1024_k18	jobs	1024	18	0	D:\学习记录\导师项目\研究\caiqiyue_file\paper-new-round22\configs\experiments\bandit_data_collection\jobs\r22dc_jobs_seed1024_k18.yaml	paper-new-round22/outputs/bandit_data_collection/jobs/seed1024/k18
r22dc_jobs_seed1024_k19	jobs	1024	19	0.25	D:\学习记录\导师项目\研究\caiqiyue_file\paper-new-round22\configs\experiments\bandit_data_collection\jobs\r22dc_jobs_seed1024_k19.yaml	paper-new-round22/outputs/bandit_data_collection/jobs/seed1024/k19
r22dc_jobs_seed1024_k20	jobs	1024	20	0.5	D:\学习记录\导师项目\研究\caiqiyue_file\paper-new-round22\configs\experiments\bandit_data_collection\jobs\r22dc_jobs_seed1024_k20.yaml	paper-new-round22/outputs/bandit_data_collection/jobs/seed1024/k20
r22dc_jobs_seed1024_k21	jobs	1024	21	0.75	D:\学习记录\导师项目\研究\caiqiyue_file\paper-new-round22\configs\experiments\bandit_data_collection\jobs\r22dc_jobs_seed1024_k21.yaml	paper-new-round22/outputs/bandit_data_collection/jobs/seed1024/k21
r22dc_jobs_seed1024_k22	jobs	1024	22	1	D:\学习记录\导师项目\研究\caiqiyue_file\paper-new-round22\configs\experiments\bandit_data_collection\jobs\r22dc_jobs_seed1024_k22.yaml	paper-new-round22/outputs/bandit_data_collection/jobs/seed1024/k22
r22dc_jobs_seed2048_k18	jobs	2048	18	0	D:\学习记录\导师项目\研究\caiqiyue_file\paper-new-round22\configs\experiments\bandit_data_collection\jobs\r22dc_jobs_seed2048_k18.yaml	paper-new-round22/outputs/bandit_data_collection/jobs/seed2048/k18
r22dc_jobs_seed2048_k19	jobs	2048	19	0.25	D:\学习记录\导师项目\研究\caiqiyue_file\paper-new-round22\configs\experiments\bandit_data_collection\jobs\r22dc_jobs_seed2048_k19.yaml	paper-new-round22/outputs/bandit_data_collection/jobs/seed2048/k19
r22dc_jobs_seed2048_k20	jobs	2048	20	0.5	D:\学习记录\导师项目\研究\caiqiyue_file\paper-new-round22\configs\experiments\bandit_data_collection\jobs\r22dc_jobs_seed2048_k20.yaml	paper-new-round22/outputs/bandit_data_collection/jobs/seed2048/k20
r22dc_jobs_seed2048_k21	jobs	2048	21	0.75	D:\学习记录\导师项目\研究\caiqiyue_file\paper-new-round22\configs\experiments\bandit_data_collection\jobs\r22dc_jobs_seed2048_k21.yaml	paper-new-round22/outputs/bandit_data_collection/jobs/seed2048/k21
r22dc_jobs_seed2048_k22	jobs	2048	22	1	D:\学习记录\导师项目\研究\caiqiyue_file\paper-new-round22\configs\experiments\bandit_data_collection\jobs\r22dc_jobs_seed2048_k22.yaml	paper-new-round22/outputs/bandit_data_collection/jobs/seed2048/k22
r22dc_jobs_seed4096_k18	jobs	4096	18	0	D:\学习记录\导师项目\研究\caiqiyue_file\paper-new-round22\configs\experiments\bandit_data_collection\jobs\r22dc_jobs_seed4096_k18.yaml	paper-new-round22/outputs/bandit_data_collection/jobs/seed4096/k18
r22dc_jobs_seed4096_k19	jobs	4096	19	0.25	D:\学习记录\导师项目\研究\caiqiyue_file\paper-new-round22\configs\experiments\bandit_data_collection\jobs\r22dc_jobs_seed4096_k19.yaml	paper-new-round22/outputs/bandit_data_collection/jobs/seed4096/k19
r22dc_jobs_seed4096_k20	jobs	4096	20	0.5	D:\学习记录\导师项目\研究\caiqiyue_file\paper-new-round22\configs\experiments\bandit_data_collection\jobs\r22dc_jobs_seed4096_k20.yaml	paper-new-round22/outputs/bandit_data_collection/jobs/seed4096/k20
r22dc_jobs_seed4096_k21	jobs	4096	21	0.75	D:\学习记录\导师项目\研究\caiqiyue_file\paper-new-round22\configs\experiments\bandit_data_collection\jobs\r22dc_jobs_seed4096_k21.yaml	paper-new-round22/outputs/bandit_data_collection/jobs/seed4096/k21
r22dc_jobs_seed4096_k22	jobs	4096	22	1	D:\学习记录\导师项目\研究\caiqiyue_file\paper-new-round22\configs\experiments\bandit_data_collection\jobs\r22dc_jobs_seed4096_k22.yaml	paper-new-round22/outputs/bandit_data_collection/jobs/seed4096/k22
r22dc_jobs_seed8192_k18	jobs	8192	18	0	D:\学习记录\导师项目\研究\caiqiyue_file\paper-new-round22\configs\experiments\bandit_data_collection\jobs\r22dc_jobs_seed8192_k18.yaml	paper-new-round22/outputs/bandit_data_collection/jobs/seed8192/k18
r22dc_jobs_seed8192_k19	jobs	8192	19	0.25	D:\学习记录\导师项目\研究\caiqiyue_file\paper-new-round22\configs\experiments\bandit_data_collection\jobs\r22dc_jobs_seed8192_k19.yaml	paper-new-round22/outputs/bandit_data_collection/jobs/seed8192/k19
r22dc_jobs_seed8192_k20	jobs	8192	20	0.5	D:\学习记录\导师项目\研究\caiqiyue_file\paper-new-round22\configs\experiments\bandit_data_collection\jobs\r22dc_jobs_seed8192_k20.yaml	paper-new-round22/outputs/bandit_data_collection/jobs/seed8192/k20
r22dc_jobs_seed8192_k21	jobs	8192	21	0.75	D:\学习记录\导师项目\研究\caiqiyue_file\paper-new-round22\configs\experiments\bandit_data_collection\jobs\r22dc_jobs_seed8192_k21.yaml	paper-new-round22/outputs/bandit_data_collection/jobs/seed8192/k21
r22dc_jobs_seed8192_k22	jobs	8192	22	1	D:\学习记录\导师项目\研究\caiqiyue_file\paper-new-round22\configs\experiments\bandit_data_collection\jobs\r22dc_jobs_seed8192_k22.yaml	paper-new-round22/outputs/bandit_data_collection/jobs/seed8192/k22
r22dc_jobs_seed100_k18	jobs	100	18	0	D:\学习记录\导师项目\研究\caiqiyue_file\paper-new-round22\configs\experiments\bandit_data_collection\jobs\r22dc_jobs_seed100_k18.yaml	paper-new-round22/outputs/bandit_data_collection/jobs/seed100/k18
r22dc_jobs_seed100_k19	jobs	100	19	0.25	D:\学习记录\导师项目\研究\caiqiyue_file\paper-new-round22\configs\experiments\bandit_data_collection\jobs\r22dc_jobs_seed100_k19.yaml	paper-new-round22/outputs/bandit_data_collection/jobs/seed100/k19
r22dc_jobs_seed100_k20	jobs	100	20	0.5	D:\学习记录\导师项目\研究\caiqiyue_file\paper-new-round22\configs\experiments\bandit_data_collection\jobs\r22dc_jobs_seed100_k20.yaml	paper-new-round22/outputs/bandit_data_collection/jobs/seed100/k20
r22dc_jobs_seed100_k21	jobs	100	21	0.75	D:\学习记录\导师项目\研究\caiqiyue_file\paper-new-round22\configs\experiments\bandit_data_collection\jobs\r22dc_jobs_seed100_k21.yaml	paper-new-round22/outputs/bandit_data_collection/jobs/seed100/k21
r22dc_jobs_seed100_k22	jobs	100	22	1	D:\学习记录\导师项目\研究\caiqiyue_file\paper-new-round22\configs\experiments\bandit_data_collection\jobs\r22dc_jobs_seed100_k22.yaml	paper-new-round22/outputs/bandit_data_collection/jobs/seed100/k22
r22dc_jobs_seed200_k18	jobs	200	18	0	D:\学习记录\导师项目\研究\caiqiyue_file\paper-new-round22\configs\experiments\bandit_data_collection\jobs\r22dc_jobs_seed200_k18.yaml	paper-new-round22/outputs/bandit_data_collection/jobs/seed200/k18
r22dc_jobs_seed200_k19	jobs	200	19	0.25	D:\学习记录\导师项目\研究\caiqiyue_file\paper-new-round22\configs\experiments\bandit_data_collection\jobs\r22dc_jobs_seed200_k19.yaml	paper-new-round22/outputs/bandit_data_collection/jobs/seed200/k19
r22dc_jobs_seed200_k20	jobs	200	20	0.5	D:\学习记录\导师项目\研究\caiqiyue_file\paper-new-round22\configs\experiments\bandit_data_collection\jobs\r22dc_jobs_seed200_k20.yaml	paper-new-round22/outputs/bandit_data_collection/jobs/seed200/k20
r22dc_jobs_seed200_k21	jobs	200	21	0.75	D:\学习记录\导师项目\研究\caiqiyue_file\paper-new-round22\configs\experiments\bandit_data_collection\jobs\r22dc_jobs_seed200_k21.yaml	paper-new-round22/outputs/bandit_data_collection/jobs/seed200/k21
r22dc_jobs_seed200_k22	jobs	200	22	1	D:\学习记录\导师项目\研究\caiqiyue_file\paper-new-round22\configs\experiments\bandit_data_collection\jobs\r22dc_jobs_seed200_k22.yaml	paper-new-round22/outputs/bandit_data_collection/jobs/seed200/k22
r22dc_jobs_seed300_k18	jobs	300	18	0	D:\学习记录\导师项目\研究\caiqiyue_file\paper-new-round22\configs\experiments\bandit_data_collection\jobs\r22dc_jobs_seed300_k18.yaml	paper-new-round22/outputs/bandit_data_collection/jobs/seed300/k18
r22dc_jobs_seed300_k19	jobs	300	19	0.25	D:\学习记录\导师项目\研究\caiqiyue_file\paper-new-round22\configs\experiments\bandit_data_collection\jobs\r22dc_jobs_seed300_k19.yaml	paper-new-round22/outputs/bandit_data_collection/jobs/seed300/k19
r22dc_jobs_seed300_k20	jobs	300	20	0.5	D:\学习记录\导师项目\研究\caiqiyue_file\paper-new-round22\configs\experiments\bandit_data_collection\jobs\r22dc_jobs_seed300_k20.yaml	paper-new-round22/outputs/bandit_data_collection/jobs/seed300/k20
r22dc_jobs_seed300_k21	jobs	300	21	0.75	D:\学习记录\导师项目\研究\caiqiyue_file\paper-new-round22\configs\experiments\bandit_data_collection\jobs\r22dc_jobs_seed300_k21.yaml	paper-new-round22/outputs/bandit_data_collection/jobs/seed300/k21
r22dc_jobs_seed300_k22	jobs	300	22	1	D:\学习记录\导师项目\研究\caiqiyue_file\paper-new-round22\configs\experiments\bandit_data_collection\jobs\r22dc_jobs_seed300_k22.yaml	paper-new-round22/outputs/bandit_data_collection/jobs/seed300/k22
r22dc_jobs_seed400_k18	jobs	400	18	0	D:\学习记录\导师项目\研究\caiqiyue_file\paper-new-round22\configs\experiments\bandit_data_collection\jobs\r22dc_jobs_seed400_k18.yaml	paper-new-round22/outputs/bandit_data_collection/jobs/seed400/k18
r22dc_jobs_seed400_k19	jobs	400	19	0.25	D:\学习记录\导师项目\研究\caiqiyue_file\paper-new-round22\configs\experiments\bandit_data_collection\jobs\r22dc_jobs_seed400_k19.yaml	paper-new-round22/outputs/bandit_data_collection/jobs/seed400/k19
r22dc_jobs_seed400_k20	jobs	400	20	0.5	D:\学习记录\导师项目\研究\caiqiyue_file\paper-new-round22\configs\experiments\bandit_data_collection\jobs\r22dc_jobs_seed400_k20.yaml	paper-new-round22/outputs/bandit_data_collection/jobs/seed400/k20
r22dc_jobs_seed400_k21	jobs	400	21	0.75	D:\学习记录\导师项目\研究\caiqiyue_file\paper-new-round22\configs\experiments\bandit_data_collection\jobs\r22dc_jobs_seed400_k21.yaml	paper-new-round22/outputs/bandit_data_collection/jobs/seed400/k21
r22dc_jobs_seed400_k22	jobs	400	22	1	D:\学习记录\导师项目\研究\caiqiyue_file\paper-new-round22\configs\experiments\bandit_data_collection\jobs\r22dc_jobs_seed400_k22.yaml	paper-new-round22/outputs/bandit_data_collection/jobs/seed400/k22
r22dc_jobs_seed500_k18	jobs	500	18	0	D:\学习记录\导师项目\研究\caiqiyue_file\paper-new-round22\configs\experiments\bandit_data_collection\jobs\r22dc_jobs_seed500_k18.yaml	paper-new-round22/outputs/bandit_data_collection/jobs/seed500/k18
r22dc_jobs_seed500_k19	jobs	500	19	0.25	D:\学习记录\导师项目\研究\caiqiyue_file\paper-new-round22\configs\experiments\bandit_data_collection\jobs\r22dc_jobs_seed500_k19.yaml	paper-new-round22/outputs/bandit_data_collection/jobs/seed500/k19
r22dc_jobs_seed500_k20	jobs	500	20	0.5	D:\学习记录\导师项目\研究\caiqiyue_file\paper-new-round22\configs\experiments\bandit_data_collection\jobs\r22dc_jobs_seed500_k20.yaml	paper-new-round22/outputs/bandit_data_collection/jobs/seed500/k20
r22dc_jobs_seed500_k21	jobs	500	21	0.75	D:\学习记录\导师项目\研究\caiqiyue_file\paper-new-round22\configs\experiments\bandit_data_collection\jobs\r22dc_jobs_seed500_k21.yaml	paper-new-round22/outputs/bandit_data_collection/jobs/seed500/k21
r22dc_jobs_seed500_k22	jobs	500	22	1	D:\学习记录\导师项目\研究\caiqiyue_file\paper-new-round22\configs\experiments\bandit_data_collection\jobs\r22dc_jobs_seed500_k22.yaml	paper-new-round22/outputs/bandit_data_collection/jobs/seed500/k22
r22dc_jobs_seed600_k18	jobs	600	18	0	D:\学习记录\导师项目\研究\caiqiyue_file\paper-new-round22\configs\experiments\bandit_data_collection\jobs\r22dc_jobs_seed600_k18.yaml	paper-new-round22/outputs/bandit_data_collection/jobs/seed600/k18
r22dc_jobs_seed600_k19	jobs	600	19	0.25	D:\学习记录\导师项目\研究\caiqiyue_file\paper-new-round22\configs\experiments\bandit_data_collection\jobs\r22dc_jobs_seed600_k19.yaml	paper-new-round22/outputs/bandit_data_collection/jobs/seed600/k19
r22dc_jobs_seed600_k20	jobs	600	20	0.5	D:\学习记录\导师项目\研究\caiqiyue_file\paper-new-round22\configs\experiments\bandit_data_collection\jobs\r22dc_jobs_seed600_k20.yaml	paper-new-round22/outputs/bandit_data_collection/jobs/seed600/k20
r22dc_jobs_seed600_k21	jobs	600	21	0.75	D:\学习记录\导师项目\研究\caiqiyue_file\paper-new-round22\configs\experiments\bandit_data_collection\jobs\r22dc_jobs_seed600_k21.yaml	paper-new-round22/outputs/bandit_data_collection/jobs/seed600/k21
r22dc_jobs_seed600_k22	jobs	600	22	1	D:\学习记录\导师项目\研究\caiqiyue_file\paper-new-round22\configs\experiments\bandit_data_collection\jobs\r22dc_jobs_seed600_k22.yaml	paper-new-round22/outputs/bandit_data_collection/jobs/seed600/k22
r22dc_jobs_seed700_k18	jobs	700	18	0	D:\学习记录\导师项目\研究\caiqiyue_file\paper-new-round22\configs\experiments\bandit_data_collection\jobs\r22dc_jobs_seed700_k18.yaml	paper-new-round22/outputs/bandit_data_collection/jobs/seed700/k18
r22dc_jobs_seed700_k19	jobs	700	19	0.25	D:\学习记录\导师项目\研究\caiqiyue_file\paper-new-round22\configs\experiments\bandit_data_collection\jobs\r22dc_jobs_seed700_k19.yaml	paper-new-round22/outputs/bandit_data_collection/jobs/seed700/k19
r22dc_jobs_seed700_k20	jobs	700	20	0.5	D:\学习记录\导师项目\研究\caiqiyue_file\paper-new-round22\configs\experiments\bandit_data_collection\jobs\r22dc_jobs_seed700_k20.yaml	paper-new-round22/outputs/bandit_data_collection/jobs/seed700/k20
r22dc_jobs_seed700_k21	jobs	700	21	0.75	D:\学习记录\导师项目\研究\caiqiyue_file\paper-new-round22\configs\experiments\bandit_data_collection\jobs\r22dc_jobs_seed700_k21.yaml	paper-new-round22/outputs/bandit_data_collection/jobs/seed700/k21
r22dc_jobs_seed700_k22	jobs	700	22	1	D:\学习记录\导师项目\研究\caiqiyue_file\paper-new-round22\configs\experiments\bandit_data_collection\jobs\r22dc_jobs_seed700_k22.yaml	paper-new-round22/outputs/bandit_data_collection/jobs/seed700/k22
r22dc_jobs_seed888_k18	jobs	888	18	0	D:\学习记录\导师项目\研究\caiqiyue_file\paper-new-round22\configs\experiments\bandit_data_collection\jobs\r22dc_jobs_seed888_k18.yaml	paper-new-round22/outputs/bandit_data_collection/jobs/seed888/k18
r22dc_jobs_seed888_k19	jobs	888	19	0.25	D:\学习记录\导师项目\研究\caiqiyue_file\paper-new-round22\configs\experiments\bandit_data_collection\jobs\r22dc_jobs_seed888_k19.yaml	paper-new-round22/outputs/bandit_data_collection/jobs/seed888/k19
r22dc_jobs_seed888_k20	jobs	888	20	0.5	D:\学习记录\导师项目\研究\caiqiyue_file\paper-new-round22\configs\experiments\bandit_data_collection\jobs\r22dc_jobs_seed888_k20.yaml	paper-new-round22/outputs/bandit_data_collection/jobs/seed888/k20
r22dc_jobs_seed888_k21	jobs	888	21	0.75	D:\学习记录\导师项目\研究\caiqiyue_file\paper-new-round22\configs\experiments\bandit_data_collection\jobs\r22dc_jobs_seed888_k21.yaml	paper-new-round22/outputs/bandit_data_collection/jobs/seed888/k21
r22dc_jobs_seed888_k22	jobs	888	22	1	D:\学习记录\导师项目\研究\caiqiyue_file\paper-new-round22\configs\experiments\bandit_data_collection\jobs\r22dc_jobs_seed888_k22.yaml	paper-new-round22/outputs/bandit_data_collection/jobs/seed888/k22
r22dc_jobs_seed999_k18	jobs	999	18	0	D:\学习记录\导师项目\研究\caiqiyue_file\paper-new-round22\configs\experiments\bandit_data_collection\jobs\r22dc_jobs_seed999_k18.yaml	paper-new-round22/outputs/bandit_data_collection/jobs/seed999/k18
r22dc_jobs_seed999_k19	jobs	999	19	0.25	D:\学习记录\导师项目\研究\caiqiyue_file\paper-new-round22\configs\experiments\bandit_data_collection\jobs\r22dc_jobs_seed999_k19.yaml	paper-new-round22/outputs/bandit_data_collection/jobs/seed999/k19
r22dc_jobs_seed999_k20	jobs	999	20	0.5	D:\学习记录\导师项目\研究\caiqiyue_file\paper-new-round22\configs\experiments\bandit_data_collection\jobs\r22dc_jobs_seed999_k20.yaml	paper-new-round22/outputs/bandit_data_collection/jobs/seed999/k20
r22dc_jobs_seed999_k21	jobs	999	21	0.75	D:\学习记录\导师项目\研究\caiqiyue_file\paper-new-round22\configs\experiments\bandit_data_collection\jobs\r22dc_jobs_seed999_k21.yaml	paper-new-round22/outputs/bandit_data_collection/jobs/seed999/k21
r22dc_jobs_seed999_k22	jobs	999	22	1	D:\学习记录\导师项目\研究\caiqiyue_file\paper-new-round22\configs\experiments\bandit_data_collection\jobs\r22dc_jobs_seed999_k22.yaml	paper-new-round22/outputs/bandit_data_collection/jobs/seed999/k22
r22dc_jobs_seed1111_k18	jobs	1111	18	0	D:\学习记录\导师项目\研究\caiqiyue_file\paper-new-round22\configs\experiments\bandit_data_collection\jobs\r22dc_jobs_seed1111_k18.yaml	paper-new-round22/outputs/bandit_data_collection/jobs/seed1111/k18
r22dc_jobs_seed1111_k19	jobs	1111	19	0.25	D:\学习记录\导师项目\研究\caiqiyue_file\paper-new-round22\configs\experiments\bandit_data_collection\jobs\r22dc_jobs_seed1111_k19.yaml	paper-new-round22/outputs/bandit_data_collection/jobs/seed1111/k19
r22dc_jobs_seed1111_k20	jobs	1111	20	0.5	D:\学习记录\导师项目\研究\caiqiyue_file\paper-new-round22\configs\experiments\bandit_data_collection\jobs\r22dc_jobs_seed1111_k20.yaml	paper-new-round22/outputs/bandit_data_collection/jobs/seed1111/k20
r22dc_jobs_seed1111_k21	jobs	1111	21	0.75	D:\学习记录\导师项目\研究\caiqiyue_file\paper-new-round22\configs\experiments\bandit_data_collection\jobs\r22dc_jobs_seed1111_k21.yaml	paper-new-round22/outputs/bandit_data_collection/jobs/seed1111/k21
r22dc_jobs_seed1111_k22	jobs	1111	22	1	D:\学习记录\导师项目\研究\caiqiyue_file\paper-new-round22\configs\experiments\bandit_data_collection\jobs\r22dc_jobs_seed1111_k22.yaml	paper-new-round22/outputs/bandit_data_collection/jobs/seed1111/k22
r22dc_jobs_seed2222_k18	jobs	2222	18	0	D:\学习记录\导师项目\研究\caiqiyue_file\paper-new-round22\configs\experiments\bandit_data_collection\jobs\r22dc_jobs_seed2222_k18.yaml	paper-new-round22/outputs/bandit_data_collection/jobs/seed2222/k18
r22dc_jobs_seed2222_k19	jobs	2222	19	0.25	D:\学习记录\导师项目\研究\caiqiyue_file\paper-new-round22\configs\experiments\bandit_data_collection\jobs\r22dc_jobs_seed2222_k19.yaml	paper-new-round22/outputs/bandit_data_collection/jobs/seed2222/k19
r22dc_jobs_seed2222_k20	jobs	2222	20	0.5	D:\学习记录\导师项目\研究\caiqiyue_file\paper-new-round22\configs\experiments\bandit_data_collection\jobs\r22dc_jobs_seed2222_k20.yaml	paper-new-round22/outputs/bandit_data_collection/jobs/seed2222/k20
r22dc_jobs_seed2222_k21	jobs	2222	21	0.75	D:\学习记录\导师项目\研究\caiqiyue_file\paper-new-round22\configs\experiments\bandit_data_collection\jobs\r22dc_jobs_seed2222_k21.yaml	paper-new-round22/outputs/bandit_data_collection/jobs/seed2222/k21
r22dc_jobs_seed2222_k22	jobs	2222	22	1	D:\学习记录\导师项目\研究\caiqiyue_file\paper-new-round22\configs\experiments\bandit_data_collection\jobs\r22dc_jobs_seed2222_k22.yaml	paper-new-round22/outputs/bandit_data_collection/jobs/seed2222/k22
r22dc_jobs_seed3333_k18	jobs	3333	18	0	D:\学习记录\导师项目\研究\caiqiyue_file\paper-new-round22\configs\experiments\bandit_data_collection\jobs\r22dc_jobs_seed3333_k18.yaml	paper-new-round22/outputs/bandit_data_collection/jobs/seed3333/k18
r22dc_jobs_seed3333_k19	jobs	3333	19	0.25	D:\学习记录\导师项目\研究\caiqiyue_file\paper-new-round22\configs\experiments\bandit_data_collection\jobs\r22dc_jobs_seed3333_k19.yaml	paper-new-round22/outputs/bandit_data_collection/jobs/seed3333/k19
r22dc_jobs_seed3333_k20	jobs	3333	20	0.5	D:\学习记录\导师项目\研究\caiqiyue_file\paper-new-round22\configs\experiments\bandit_data_collection\jobs\r22dc_jobs_seed3333_k20.yaml	paper-new-round22/outputs/bandit_data_collection/jobs/seed3333/k20
r22dc_jobs_seed3333_k21	jobs	3333	21	0.75	D:\学习记录\导师项目\研究\caiqiyue_file\paper-new-round22\configs\experiments\bandit_data_collection\jobs\r22dc_jobs_seed3333_k21.yaml	paper-new-round22/outputs/bandit_data_collection/jobs/seed3333/k21
r22dc_jobs_seed3333_k22	jobs	3333	22	1	D:\学习记录\导师项目\研究\caiqiyue_file\paper-new-round22\configs\experiments\bandit_data_collection\jobs\r22dc_jobs_seed3333_k22.yaml	paper-new-round22/outputs/bandit_data_collection/jobs/seed3333/k22
r22dc_congressional_seed42_k18	congressional	42	18	0	D:\学习记录\导师项目\研究\caiqiyue_file\paper-new-round22\configs\experiments\bandit_data_collection\congressional\r22dc_congressional_seed42_k18.yaml	paper-new-round22/outputs/bandit_data_collection/congressional/seed42/k18
r22dc_congressional_seed42_k19	congressional	42	19	0.25	D:\学习记录\导师项目\研究\caiqiyue_file\paper-new-round22\configs\experiments\bandit_data_collection\congressional\r22dc_congressional_seed42_k19.yaml	paper-new-round22/outputs/bandit_data_collection/congressional/seed42/k19
r22dc_congressional_seed42_k20	congressional	42	20	0.5	D:\学习记录\导师项目\研究\caiqiyue_file\paper-new-round22\configs\experiments\bandit_data_collection\congressional\r22dc_congressional_seed42_k20.yaml	paper-new-round22/outputs/bandit_data_collection/congressional/seed42/k20
r22dc_congressional_seed42_k21	congressional	42	21	0.75	D:\学习记录\导师项目\研究\caiqiyue_file\paper-new-round22\configs\experiments\bandit_data_collection\congressional\r22dc_congressional_seed42_k21.yaml	paper-new-round22/outputs/bandit_data_collection/congressional/seed42/k21
r22dc_congressional_seed42_k22	congressional	42	22	1	D:\学习记录\导师项目\研究\caiqiyue_file\paper-new-round22\configs\experiments\bandit_data_collection\congressional\r22dc_congressional_seed42_k22.yaml	paper-new-round22/outputs/bandit_data_collection/congressional/seed42/k22
r22dc_congressional_seed123_k18	congressional	123	18	0	D:\学习记录\导师项目\研究\caiqiyue_file\paper-new-round22\configs\experiments\bandit_data_collection\congressional\r22dc_congressional_seed123_k18.yaml	paper-new-round22/outputs/bandit_data_collection/congressional/seed123/k18
r22dc_congressional_seed123_k19	congressional	123	19	0.25	D:\学习记录\导师项目\研究\caiqiyue_file\paper-new-round22\configs\experiments\bandit_data_collection\congressional\r22dc_congressional_seed123_k19.yaml	paper-new-round22/outputs/bandit_data_collection/congressional/seed123/k19
r22dc_congressional_seed123_k20	congressional	123	20	0.5	D:\学习记录\导师项目\研究\caiqiyue_file\paper-new-round22\configs\experiments\bandit_data_collection\congressional\r22dc_congressional_seed123_k20.yaml	paper-new-round22/outputs/bandit_data_collection/congressional/seed123/k20
r22dc_congressional_seed123_k21	congressional	123	21	0.75	D:\学习记录\导师项目\研究\caiqiyue_file\paper-new-round22\configs\experiments\bandit_data_collection\congressional\r22dc_congressional_seed123_k21.yaml	paper-new-round22/outputs/bandit_data_collection/congressional/seed123/k21
r22dc_congressional_seed123_k22	congressional	123	22	1	D:\学习记录\导师项目\研究\caiqiyue_file\paper-new-round22\configs\experiments\bandit_data_collection\congressional\r22dc_congressional_seed123_k22.yaml	paper-new-round22/outputs/bandit_data_collection/congressional/seed123/k22
r22dc_congressional_seed456_k18	congressional	456	18	0	D:\学习记录\导师项目\研究\caiqiyue_file\paper-new-round22\configs\experiments\bandit_data_collection\congressional\r22dc_congressional_seed456_k18.yaml	paper-new-round22/outputs/bandit_data_collection/congressional/seed456/k18
r22dc_congressional_seed456_k19	congressional	456	19	0.25	D:\学习记录\导师项目\研究\caiqiyue_file\paper-new-round22\configs\experiments\bandit_data_collection\congressional\r22dc_congressional_seed456_k19.yaml	paper-new-round22/outputs/bandit_data_collection/congressional/seed456/k19
r22dc_congressional_seed456_k20	congressional	456	20	0.5	D:\学习记录\导师项目\研究\caiqiyue_file\paper-new-round22\configs\experiments\bandit_data_collection\congressional\r22dc_congressional_seed456_k20.yaml	paper-new-round22/outputs/bandit_data_collection/congressional/seed456/k20
r22dc_congressional_seed456_k21	congressional	456	21	0.75	D:\学习记录\导师项目\研究\caiqiyue_file\paper-new-round22\configs\experiments\bandit_data_collection\congressional\r22dc_congressional_seed456_k21.yaml	paper-new-round22/outputs/bandit_data_collection/congressional/seed456/k21
r22dc_congressional_seed456_k22	congressional	456	22	1	D:\学习记录\导师项目\研究\caiqiyue_file\paper-new-round22\configs\experiments\bandit_data_collection\congressional\r22dc_congressional_seed456_k22.yaml	paper-new-round22/outputs/bandit_data_collection/congressional/seed456/k22
r22dc_congressional_seed789_k18	congressional	789	18	0	D:\学习记录\导师项目\研究\caiqiyue_file\paper-new-round22\configs\experiments\bandit_data_collection\congressional\r22dc_congressional_seed789_k18.yaml	paper-new-round22/outputs/bandit_data_collection/congressional/seed789/k18
r22dc_congressional_seed789_k19	congressional	789	19	0.25	D:\学习记录\导师项目\研究\caiqiyue_file\paper-new-round22\configs\experiments\bandit_data_collection\congressional\r22dc_congressional_seed789_k19.yaml	paper-new-round22/outputs/bandit_data_collection/congressional/seed789/k19
r22dc_congressional_seed789_k20	congressional	789	20	0.5	D:\学习记录\导师项目\研究\caiqiyue_file\paper-new-round22\configs\experiments\bandit_data_collection\congressional\r22dc_congressional_seed789_k20.yaml	paper-new-round22/outputs/bandit_data_collection/congressional/seed789/k20
r22dc_congressional_seed789_k21	congressional	789	21	0.75	D:\学习记录\导师项目\研究\caiqiyue_file\paper-new-round22\configs\experiments\bandit_data_collection\congressional\r22dc_congressional_seed789_k21.yaml	paper-new-round22/outputs/bandit_data_collection/congressional/seed789/k21
r22dc_congressional_seed789_k22	congressional	789	22	1	D:\学习记录\导师项目\研究\caiqiyue_file\paper-new-round22\configs\experiments\bandit_data_collection\congressional\r22dc_congressional_seed789_k22.yaml	paper-new-round22/outputs/bandit_data_collection/congressional/seed789/k22
r22dc_congressional_seed1024_k18	congressional	1024	18	0	D:\学习记录\导师项目\研究\caiqiyue_file\paper-new-round22\configs\experiments\bandit_data_collection\congressional\r22dc_congressional_seed1024_k18.yaml	paper-new-round22/outputs/bandit_data_collection/congressional/seed1024/k18
r22dc_congressional_seed1024_k19	congressional	1024	19	0.25	D:\学习记录\导师项目\研究\caiqiyue_file\paper-new-round22\configs\experiments\bandit_data_collection\congressional\r22dc_congressional_seed1024_k19.yaml	paper-new-round22/outputs/bandit_data_collection/congressional/seed1024/k19
r22dc_congressional_seed1024_k20	congressional	1024	20	0.5	D:\学习记录\导师项目\研究\caiqiyue_file\paper-new-round22\configs\experiments\bandit_data_collection\congressional\r22dc_congressional_seed1024_k20.yaml	paper-new-round22/outputs/bandit_data_collection/congressional/seed1024/k20
r22dc_congressional_seed1024_k21	congressional	1024	21	0.75	D:\学习记录\导师项目\研究\caiqiyue_file\paper-new-round22\configs\experiments\bandit_data_collection\congressional\r22dc_congressional_seed1024_k21.yaml	paper-new-round22/outputs/bandit_data_collection/congressional/seed1024/k21
r22dc_congressional_seed1024_k22	congressional	1024	22	1	D:\学习记录\导师项目\研究\caiqiyue_file\paper-new-round22\configs\experiments\bandit_data_collection\congressional\r22dc_congressional_seed1024_k22.yaml	paper-new-round22/outputs/bandit_data_collection/congressional/seed1024/k22
r22dc_congressional_seed2048_k18	congressional	2048	18	0	D:\学习记录\导师项目\研究\caiqiyue_file\paper-new-round22\configs\experiments\bandit_data_collection\congressional\r22dc_congressional_seed2048_k18.yaml	paper-new-round22/outputs/bandit_data_collection/congressional/seed2048/k18
r22dc_congressional_seed2048_k19	congressional	2048	19	0.25	D:\学习记录\导师项目\研究\caiqiyue_file\paper-new-round22\configs\experiments\bandit_data_collection\congressional\r22dc_congressional_seed2048_k19.yaml	paper-new-round22/outputs/bandit_data_collection/congressional/seed2048/k19
r22dc_congressional_seed2048_k20	congressional	2048	20	0.5	D:\学习记录\导师项目\研究\caiqiyue_file\paper-new-round22\configs\experiments\bandit_data_collection\congressional\r22dc_congressional_seed2048_k20.yaml	paper-new-round22/outputs/bandit_data_collection/congressional/seed2048/k20
r22dc_congressional_seed2048_k21	congressional	2048	21	0.75	D:\学习记录\导师项目\研究\caiqiyue_file\paper-new-round22\configs\experiments\bandit_data_collection\congressional\r22dc_congressional_seed2048_k21.yaml	paper-new-round22/outputs/bandit_data_collection/congressional/seed2048/k21
r22dc_congressional_seed2048_k22	congressional	2048	22	1	D:\学习记录\导师项目\研究\caiqiyue_file\paper-new-round22\configs\experiments\bandit_data_collection\congressional\r22dc_congressional_seed2048_k22.yaml	paper-new-round22/outputs/bandit_data_collection/congressional/seed2048/k22
r22dc_congressional_seed4096_k18	congressional	4096	18	0	D:\学习记录\导师项目\研究\caiqiyue_file\paper-new-round22\configs\experiments\bandit_data_collection\congressional\r22dc_congressional_seed4096_k18.yaml	paper-new-round22/outputs/bandit_data_collection/congressional/seed4096/k18
r22dc_congressional_seed4096_k19	congressional	4096	19	0.25	D:\学习记录\导师项目\研究\caiqiyue_file\paper-new-round22\configs\experiments\bandit_data_collection\congressional\r22dc_congressional_seed4096_k19.yaml	paper-new-round22/outputs/bandit_data_collection/congressional/seed4096/k19
r22dc_congressional_seed4096_k20	congressional	4096	20	0.5	D:\学习记录\导师项目\研究\caiqiyue_file\paper-new-round22\configs\experiments\bandit_data_collection\congressional\r22dc_congressional_seed4096_k20.yaml	paper-new-round22/outputs/bandit_data_collection/congressional/seed4096/k20
r22dc_congressional_seed4096_k21	congressional	4096	21	0.75	D:\学习记录\导师项目\研究\caiqiyue_file\paper-new-round22\configs\experiments\bandit_data_collection\congressional\r22dc_congressional_seed4096_k21.yaml	paper-new-round22/outputs/bandit_data_collection/congressional/seed4096/k21
r22dc_congressional_seed4096_k22	congressional	4096	22	1	D:\学习记录\导师项目\研究\caiqiyue_file\paper-new-round22\configs\experiments\bandit_data_collection\congressional\r22dc_congressional_seed4096_k22.yaml	paper-new-round22/outputs/bandit_data_collection/congressional/seed4096/k22
r22dc_congressional_seed8192_k18	congressional	8192	18	0	D:\学习记录\导师项目\研究\caiqiyue_file\paper-new-round22\configs\experiments\bandit_data_collection\congressional\r22dc_congressional_seed8192_k18.yaml	paper-new-round22/outputs/bandit_data_collection/congressional/seed8192/k18
r22dc_congressional_seed8192_k19	congressional	8192	19	0.25	D:\学习记录\导师项目\研究\caiqiyue_file\paper-new-round22\configs\experiments\bandit_data_collection\congressional\r22dc_congressional_seed8192_k19.yaml	paper-new-round22/outputs/bandit_data_collection/congressional/seed8192/k19
r22dc_congressional_seed8192_k20	congressional	8192	20	0.5	D:\学习记录\导师项目\研究\caiqiyue_file\paper-new-round22\configs\experiments\bandit_data_collection\congressional\r22dc_congressional_seed8192_k20.yaml	paper-new-round22/outputs/bandit_data_collection/congressional/seed8192/k20
r22dc_congressional_seed8192_k21	congressional	8192	21	0.75	D:\学习记录\导师项目\研究\caiqiyue_file\paper-new-round22\configs\experiments\bandit_data_collection\congressional\r22dc_congressional_seed8192_k21.yaml	paper-new-round22/outputs/bandit_data_collection/congressional/seed8192/k21
r22dc_congressional_seed8192_k22	congressional	8192	22	1	D:\学习记录\导师项目\研究\caiqiyue_file\paper-new-round22\configs\experiments\bandit_data_collection\congressional\r22dc_congressional_seed8192_k22.yaml	paper-new-round22/outputs/bandit_data_collection/congressional/seed8192/k22
r22dc_congressional_seed100_k18	congressional	100	18	0	D:\学习记录\导师项目\研究\caiqiyue_file\paper-new-round22\configs\experiments\bandit_data_collection\congressional\r22dc_congressional_seed100_k18.yaml	paper-new-round22/outputs/bandit_data_collection/congressional/seed100/k18
r22dc_congressional_seed100_k19	congressional	100	19	0.25	D:\学习记录\导师项目\研究\caiqiyue_file\paper-new-round22\configs\experiments\bandit_data_collection\congressional\r22dc_congressional_seed100_k19.yaml	paper-new-round22/outputs/bandit_data_collection/congressional/seed100/k19
r22dc_congressional_seed100_k20	congressional	100	20	0.5	D:\学习记录\导师项目\研究\caiqiyue_file\paper-new-round22\configs\experiments\bandit_data_collection\congressional\r22dc_congressional_seed100_k20.yaml	paper-new-round22/outputs/bandit_data_collection/congressional/seed100/k20
r22dc_congressional_seed100_k21	congressional	100	21	0.75	D:\学习记录\导师项目\研究\caiqiyue_file\paper-new-round22\configs\experiments\bandit_data_collection\congressional\r22dc_congressional_seed100_k21.yaml	paper-new-round22/outputs/bandit_data_collection/congressional/seed100/k21
r22dc_congressional_seed100_k22	congressional	100	22	1	D:\学习记录\导师项目\研究\caiqiyue_file\paper-new-round22\configs\experiments\bandit_data_collection\congressional\r22dc_congressional_seed100_k22.yaml	paper-new-round22/outputs/bandit_data_collection/congressional/seed100/k22
r22dc_congressional_seed200_k18	congressional	200	18	0	D:\学习记录\导师项目\研究\caiqiyue_file\paper-new-round22\configs\experiments\bandit_data_collection\congressional\r22dc_congressional_seed200_k18.yaml	paper-new-round22/outputs/bandit_data_collection/congressional/seed200/k18
r22dc_congressional_seed200_k19	congressional	200	19	0.25	D:\学习记录\导师项目\研究\caiqiyue_file\paper-new-round22\configs\experiments\bandit_data_collection\congressional\r22dc_congressional_seed200_k19.yaml	paper-new-round22/outputs/bandit_data_collection/congressional/seed200/k19
r22dc_congressional_seed200_k20	congressional	200	20	0.5	D:\学习记录\导师项目\研究\caiqiyue_file\paper-new-round22\configs\experiments\bandit_data_collection\congressional\r22dc_congressional_seed200_k20.yaml	paper-new-round22/outputs/bandit_data_collection/congressional/seed200/k20
r22dc_congressional_seed200_k21	congressional	200	21	0.75	D:\学习记录\导师项目\研究\caiqiyue_file\paper-new-round22\configs\experiments\bandit_data_collection\congressional\r22dc_congressional_seed200_k21.yaml	paper-new-round22/outputs/bandit_data_collection/congressional/seed200/k21
r22dc_congressional_seed200_k22	congressional	200	22	1	D:\学习记录\导师项目\研究\caiqiyue_file\paper-new-round22\configs\experiments\bandit_data_collection\congressional\r22dc_congressional_seed200_k22.yaml	paper-new-round22/outputs/bandit_data_collection/congressional/seed200/k22
r22dc_congressional_seed300_k18	congressional	300	18	0	D:\学习记录\导师项目\研究\caiqiyue_file\paper-new-round22\configs\experiments\bandit_data_collection\congressional\r22dc_congressional_seed300_k18.yaml	paper-new-round22/outputs/bandit_data_collection/congressional/seed300/k18
r22dc_congressional_seed300_k19	congressional	300	19	0.25	D:\学习记录\导师项目\研究\caiqiyue_file\paper-new-round22\configs\experiments\bandit_data_collection\congressional\r22dc_congressional_seed300_k19.yaml	paper-new-round22/outputs/bandit_data_collection/congressional/seed300/k19
r22dc_congressional_seed300_k20	congressional	300	20	0.5	D:\学习记录\导师项目\研究\caiqiyue_file\paper-new-round22\configs\experiments\bandit_data_collection\congressional\r22dc_congressional_seed300_k20.yaml	paper-new-round22/outputs/bandit_data_collection/congressional/seed300/k20
r22dc_congressional_seed300_k21	congressional	300	21	0.75	D:\学习记录\导师项目\研究\caiqiyue_file\paper-new-round22\configs\experiments\bandit_data_collection\congressional\r22dc_congressional_seed300_k21.yaml	paper-new-round22/outputs/bandit_data_collection/congressional/seed300/k21
r22dc_congressional_seed300_k22	congressional	300	22	1	D:\学习记录\导师项目\研究\caiqiyue_file\paper-new-round22\configs\experiments\bandit_data_collection\congressional\r22dc_congressional_seed300_k22.yaml	paper-new-round22/outputs/bandit_data_collection/congressional/seed300/k22
r22dc_congressional_seed400_k18	congressional	400	18	0	D:\学习记录\导师项目\研究\caiqiyue_file\paper-new-round22\configs\experiments\bandit_data_collection\congressional\r22dc_congressional_seed400_k18.yaml	paper-new-round22/outputs/bandit_data_collection/congressional/seed400/k18
r22dc_congressional_seed400_k19	congressional	400	19	0.25	D:\学习记录\导师项目\研究\caiqiyue_file\paper-new-round22\configs\experiments\bandit_data_collection\congressional\r22dc_congressional_seed400_k19.yaml	paper-new-round22/outputs/bandit_data_collection/congressional/seed400/k19
r22dc_congressional_seed400_k20	congressional	400	20	0.5	D:\学习记录\导师项目\研究\caiqiyue_file\paper-new-round22\configs\experiments\bandit_data_collection\congressional\r22dc_congressional_seed400_k20.yaml	paper-new-round22/outputs/bandit_data_collection/congressional/seed400/k20
r22dc_congressional_seed400_k21	congressional	400	21	0.75	D:\学习记录\导师项目\研究\caiqiyue_file\paper-new-round22\configs\experiments\bandit_data_collection\congressional\r22dc_congressional_seed400_k21.yaml	paper-new-round22/outputs/bandit_data_collection/congressional/seed400/k21
r22dc_congressional_seed400_k22	congressional	400	22	1	D:\学习记录\导师项目\研究\caiqiyue_file\paper-new-round22\configs\experiments\bandit_data_collection\congressional\r22dc_congressional_seed400_k22.yaml	paper-new-round22/outputs/bandit_data_collection/congressional/seed400/k22
r22dc_congressional_seed500_k18	congressional	500	18	0	D:\学习记录\导师项目\研究\caiqiyue_file\paper-new-round22\configs\experiments\bandit_data_collection\congressional\r22dc_congressional_seed500_k18.yaml	paper-new-round22/outputs/bandit_data_collection/congressional/seed500/k18
r22dc_congressional_seed500_k19	congressional	500	19	0.25	D:\学习记录\导师项目\研究\caiqiyue_file\paper-new-round22\configs\experiments\bandit_data_collection\congressional\r22dc_congressional_seed500_k19.yaml	paper-new-round22/outputs/bandit_data_collection/congressional/seed500/k19
r22dc_congressional_seed500_k20	congressional	500	20	0.5	D:\学习记录\导师项目\研究\caiqiyue_file\paper-new-round22\configs\experiments\bandit_data_collection\congressional\r22dc_congressional_seed500_k20.yaml	paper-new-round22/outputs/bandit_data_collection/congressional/seed500/k20
r22dc_congressional_seed500_k21	congressional	500	21	0.75	D:\学习记录\导师项目\研究\caiqiyue_file\paper-new-round22\configs\experiments\bandit_data_collection\congressional\r22dc_congressional_seed500_k21.yaml	paper-new-round22/outputs/bandit_data_collection/congressional/seed500/k21
r22dc_congressional_seed500_k22	congressional	500	22	1	D:\学习记录\导师项目\研究\caiqiyue_file\paper-new-round22\configs\experiments\bandit_data_collection\congressional\r22dc_congressional_seed500_k22.yaml	paper-new-round22/outputs/bandit_data_collection/congressional/seed500/k22
r22dc_congressional_seed600_k18	congressional	600	18	0	D:\学习记录\导师项目\研究\caiqiyue_file\paper-new-round22\configs\experiments\bandit_data_collection\congressional\r22dc_congressional_seed600_k18.yaml	paper-new-round22/outputs/bandit_data_collection/congressional/seed600/k18
r22dc_congressional_seed600_k19	congressional	600	19	0.25	D:\学习记录\导师项目\研究\caiqiyue_file\paper-new-round22\configs\experiments\bandit_data_collection\congressional\r22dc_congressional_seed600_k19.yaml	paper-new-round22/outputs/bandit_data_collection/congressional/seed600/k19
r22dc_congressional_seed600_k20	congressional	600	20	0.5	D:\学习记录\导师项目\研究\caiqiyue_file\paper-new-round22\configs\experiments\bandit_data_collection\congressional\r22dc_congressional_seed600_k20.yaml	paper-new-round22/outputs/bandit_data_collection/congressional/seed600/k20
r22dc_congressional_seed600_k21	congressional	600	21	0.75	D:\学习记录\导师项目\研究\caiqiyue_file\paper-new-round22\configs\experiments\bandit_data_collection\congressional\r22dc_congressional_seed600_k21.yaml	paper-new-round22/outputs/bandit_data_collection/congressional/seed600/k21
r22dc_congressional_seed600_k22	congressional	600	22	1	D:\学习记录\导师项目\研究\caiqiyue_file\paper-new-round22\configs\experiments\bandit_data_collection\congressional\r22dc_congressional_seed600_k22.yaml	paper-new-round22/outputs/bandit_data_collection/congressional/seed600/k22
r22dc_congressional_seed700_k18	congressional	700	18	0	D:\学习记录\导师项目\研究\caiqiyue_file\paper-new-round22\configs\experiments\bandit_data_collection\congressional\r22dc_congressional_seed700_k18.yaml	paper-new-round22/outputs/bandit_data_collection/congressional/seed700/k18
r22dc_congressional_seed700_k19	congressional	700	19	0.25	D:\学习记录\导师项目\研究\caiqiyue_file\paper-new-round22\configs\experiments\bandit_data_collection\congressional\r22dc_congressional_seed700_k19.yaml	paper-new-round22/outputs/bandit_data_collection/congressional/seed700/k19
r22dc_congressional_seed700_k20	congressional	700	20	0.5	D:\学习记录\导师项目\研究\caiqiyue_file\paper-new-round22\configs\experiments\bandit_data_collection\congressional\r22dc_congressional_seed700_k20.yaml	paper-new-round22/outputs/bandit_data_collection/congressional/seed700/k20
r22dc_congressional_seed700_k21	congressional	700	21	0.75	D:\学习记录\导师项目\研究\caiqiyue_file\paper-new-round22\configs\experiments\bandit_data_collection\congressional\r22dc_congressional_seed700_k21.yaml	paper-new-round22/outputs/bandit_data_collection/congressional/seed700/k21
r22dc_congressional_seed700_k22	congressional	700	22	1	D:\学习记录\导师项目\研究\caiqiyue_file\paper-new-round22\configs\experiments\bandit_data_collection\congressional\r22dc_congressional_seed700_k22.yaml	paper-new-round22/outputs/bandit_data_collection/congressional/seed700/k22
r22dc_congressional_seed888_k18	congressional	888	18	0	D:\学习记录\导师项目\研究\caiqiyue_file\paper-new-round22\configs\experiments\bandit_data_collection\congressional\r22dc_congressional_seed888_k18.yaml	paper-new-round22/outputs/bandit_data_collection/congressional/seed888/k18
r22dc_congressional_seed888_k19	congressional	888	19	0.25	D:\学习记录\导师项目\研究\caiqiyue_file\paper-new-round22\configs\experiments\bandit_data_collection\congressional\r22dc_congressional_seed888_k19.yaml	paper-new-round22/outputs/bandit_data_collection/congressional/seed888/k19
r22dc_congressional_seed888_k20	congressional	888	20	0.5	D:\学习记录\导师项目\研究\caiqiyue_file\paper-new-round22\configs\experiments\bandit_data_collection\congressional\r22dc_congressional_seed888_k20.yaml	paper-new-round22/outputs/bandit_data_collection/congressional/seed888/k20
r22dc_congressional_seed888_k21	congressional	888	21	0.75	D:\学习记录\导师项目\研究\caiqiyue_file\paper-new-round22\configs\experiments\bandit_data_collection\congressional\r22dc_congressional_seed888_k21.yaml	paper-new-round22/outputs/bandit_data_collection/congressional/seed888/k21
r22dc_congressional_seed888_k22	congressional	888	22	1	D:\学习记录\导师项目\研究\caiqiyue_file\paper-new-round22\configs\experiments\bandit_data_collection\congressional\r22dc_congressional_seed888_k22.yaml	paper-new-round22/outputs/bandit_data_collection/congressional/seed888/k22
r22dc_congressional_seed999_k18	congressional	999	18	0	D:\学习记录\导师项目\研究\caiqiyue_file\paper-new-round22\configs\experiments\bandit_data_collection\congressional\r22dc_congressional_seed999_k18.yaml	paper-new-round22/outputs/bandit_data_collection/congressional/seed999/k18
r22dc_congressional_seed999_k19	congressional	999	19	0.25	D:\学习记录\导师项目\研究\caiqiyue_file\paper-new-round22\configs\experiments\bandit_data_collection\congressional\r22dc_congressional_seed999_k19.yaml	paper-new-round22/outputs/bandit_data_collection/congressional/seed999/k19
r22dc_congressional_seed999_k20	congressional	999	20	0.5	D:\学习记录\导师项目\研究\caiqiyue_file\paper-new-round22\configs\experiments\bandit_data_collection\congressional\r22dc_congressional_seed999_k20.yaml	paper-new-round22/outputs/bandit_data_collection/congressional/seed999/k20
r22dc_congressional_seed999_k21	congressional	999	21	0.75	D:\学习记录\导师项目\研究\caiqiyue_file\paper-new-round22\configs\experiments\bandit_data_collection\congressional\r22dc_congressional_seed999_k21.yaml	paper-new-round22/outputs/bandit_data_collection/congressional/seed999/k21
r22dc_congressional_seed999_k22	congressional	999	22	1	D:\学习记录\导师项目\研究\caiqiyue_file\paper-new-round22\configs\experiments\bandit_data_collection\congressional\r22dc_congressional_seed999_k22.yaml	paper-new-round22/outputs/bandit_data_collection/congressional/seed999/k22
r22dc_congressional_seed1111_k18	congressional	1111	18	0	D:\学习记录\导师项目\研究\caiqiyue_file\paper-new-round22\configs\experiments\bandit_data_collection\congressional\r22dc_congressional_seed1111_k18.yaml	paper-new-round22/outputs/bandit_data_collection/congressional/seed1111/k18
r22dc_congressional_seed1111_k19	congressional	1111	19	0.25	D:\学习记录\导师项目\研究\caiqiyue_file\paper-new-round22\configs\experiments\bandit_data_collection\congressional\r22dc_congressional_seed1111_k19.yaml	paper-new-round22/outputs/bandit_data_collection/congressional/seed1111/k19
r22dc_congressional_seed1111_k20	congressional	1111	20	0.5	D:\学习记录\导师项目\研究\caiqiyue_file\paper-new-round22\configs\experiments\bandit_data_collection\congressional\r22dc_congressional_seed1111_k20.yaml	paper-new-round22/outputs/bandit_data_collection/congressional/seed1111/k20
r22dc_congressional_seed1111_k21	congressional	1111	21	0.75	D:\学习记录\导师项目\研究\caiqiyue_file\paper-new-round22\configs\experiments\bandit_data_collection\congressional\r22dc_congressional_seed1111_k21.yaml	paper-new-round22/outputs/bandit_data_collection/congressional/seed1111/k21
r22dc_congressional_seed1111_k22	congressional	1111	22	1	D:\学习记录\导师项目\研究\caiqiyue_file\paper-new-round22\configs\experiments\bandit_data_collection\congressional\r22dc_congressional_seed1111_k22.yaml	paper-new-round22/outputs/bandit_data_collection/congressional/seed1111/k22
r22dc_congressional_seed2222_k18	congressional	2222	18	0	D:\学习记录\导师项目\研究\caiqiyue_file\paper-new-round22\configs\experiments\bandit_data_collection\congressional\r22dc_congressional_seed2222_k18.yaml	paper-new-round22/outputs/bandit_data_collection/congressional/seed2222/k18
r22dc_congressional_seed2222_k19	congressional	2222	19	0.25	D:\学习记录\导师项目\研究\caiqiyue_file\paper-new-round22\configs\experiments\bandit_data_collection\congressional\r22dc_congressional_seed2222_k19.yaml	paper-new-round22/outputs/bandit_data_collection/congressional/seed2222/k19
r22dc_congressional_seed2222_k20	congressional	2222	20	0.5	D:\学习记录\导师项目\研究\caiqiyue_file\paper-new-round22\configs\experiments\bandit_data_collection\congressional\r22dc_congressional_seed2222_k20.yaml	paper-new-round22/outputs/bandit_data_collection/congressional/seed2222/k20
r22dc_congressional_seed2222_k21	congressional	2222	21	0.75	D:\学习记录\导师项目\研究\caiqiyue_file\paper-new-round22\configs\experiments\bandit_data_collection\congressional\r22dc_congressional_seed2222_k21.yaml	paper-new-round22/outputs/bandit_data_collection/congressional/seed2222/k21
r22dc_congressional_seed2222_k22	congressional	2222	22	1	D:\学习记录\导师项目\研究\caiqiyue_file\paper-new-round22\configs\experiments\bandit_data_collection\congressional\r22dc_congressional_seed2222_k22.yaml	paper-new-round22/outputs/bandit_data_collection/congressional/seed2222/k22
r22dc_congressional_seed3333_k18	congressional	3333	18	0	D:\学习记录\导师项目\研究\caiqiyue_file\paper-new-round22\configs\experiments\bandit_data_collection\congressional\r22dc_congressional_seed3333_k18.yaml	paper-new-round22/outputs/bandit_data_collection/congressional/seed3333/k18
r22dc_congressional_seed3333_k19	congressional	3333	19	0.25	D:\学习记录\导师项目\研究\caiqiyue_file\paper-new-round22\configs\experiments\bandit_data_collection\congressional\r22dc_congressional_seed3333_k19.yaml	paper-new-round22/outputs/bandit_data_collection/congressional/seed3333/k19
r22dc_congressional_seed3333_k20	congressional	3333	20	0.5	D:\学习记录\导师项目\研究\caiqiyue_file\paper-new-round22\configs\experiments\bandit_data_collection\congressional\r22dc_congressional_seed3333_k20.yaml	paper-new-round22/outputs/bandit_data_collection/congressional/seed3333/k20
r22dc_congressional_seed3333_k21	congressional	3333	21	0.75	D:\学习记录\导师项目\研究\caiqiyue_file\paper-new-round22\configs\experiments\bandit_data_collection\congressional\r22dc_congressional_seed3333_k21.yaml	paper-new-round22/outputs/bandit_data_collection/congressional/seed3333/k21
r22dc_congressional_seed3333_k22	congressional	3333	22	1	D:\学习记录\导师项目\研究\caiqiyue_file\paper-new-round22\configs\experiments\bandit_data_collection\congressional\r22dc_congressional_seed3333_k22.yaml	paper-new-round22/outputs/bandit_data_collection/congressional/seed3333/k22
r22dc_congressional_seed4444_k18	congressional	4444	18	0	D:\学习记录\导师项目\研究\caiqiyue_file\paper-new-round22\configs\experiments\bandit_data_collection\congressional\r22dc_congressional_seed4444_k18.yaml	paper-new-round22/outputs/bandit_data_collection/congressional/seed4444/k18
r22dc_congressional_seed4444_k19	congressional	4444	19	0.25	D:\学习记录\导师项目\研究\caiqiyue_file\paper-new-round22\configs\experiments\bandit_data_collection\congressional\r22dc_congressional_seed4444_k19.yaml	paper-new-round22/outputs/bandit_data_collection/congressional/seed4444/k19
r22dc_congressional_seed4444_k20	congressional	4444	20	0.5	D:\学习记录\导师项目\研究\caiqiyue_file\paper-new-round22\configs\experiments\bandit_data_collection\congressional\r22dc_congressional_seed4444_k20.yaml	paper-new-round22/outputs/bandit_data_collection/congressional/seed4444/k20
r22dc_congressional_seed4444_k21	congressional	4444	21	0.75	D:\学习记录\导师项目\研究\caiqiyue_file\paper-new-round22\configs\experiments\bandit_data_collection\congressional\r22dc_congressional_seed4444_k21.yaml	paper-new-round22/outputs/bandit_data_collection/congressional/seed4444/k21
r22dc_congressional_seed4444_k22	congressional	4444	22	1	D:\学习记录\导师项目\研究\caiqiyue_file\paper-new-round22\configs\experiments\bandit_data_collection\congressional\r22dc_congressional_seed4444_k22.yaml	paper-new-round22/outputs/bandit_data_collection/congressional/seed4444/k22
r22dc_congressional_seed5555_k18	congressional	5555	18	0	D:\学习记录\导师项目\研究\caiqiyue_file\paper-new-round22\configs\experiments\bandit_data_collection\congressional\r22dc_congressional_seed5555_k18.yaml	paper-new-round22/outputs/bandit_data_collection/congressional/seed5555/k18
r22dc_congressional_seed5555_k19	congressional	5555	19	0.25	D:\学习记录\导师项目\研究\caiqiyue_file\paper-new-round22\configs\experiments\bandit_data_collection\congressional\r22dc_congressional_seed5555_k19.yaml	paper-new-round22/outputs/bandit_data_collection/congressional/seed5555/k19
r22dc_congressional_seed5555_k20	congressional	5555	20	0.5	D:\学习记录\导师项目\研究\caiqiyue_file\paper-new-round22\configs\experiments\bandit_data_collection\congressional\r22dc_congressional_seed5555_k20.yaml	paper-new-round22/outputs/bandit_data_collection/congressional/seed5555/k20
r22dc_congressional_seed5555_k21	congressional	5555	21	0.75	D:\学习记录\导师项目\研究\caiqiyue_file\paper-new-round22\configs\experiments\bandit_data_collection\congressional\r22dc_congressional_seed5555_k21.yaml	paper-new-round22/outputs/bandit_data_collection/congressional/seed5555/k21
r22dc_congressional_seed5555_k22	congressional	5555	22	1	D:\学习记录\导师项目\研究\caiqiyue_file\paper-new-round22\configs\experiments\bandit_data_collection\congressional\r22dc_congressional_seed5555_k22.yaml	paper-new-round22/outputs/bandit_data_collection/congressional/seed5555/k22
r22dc_congressional_seed6666_k18	congressional	6666	18	0	D:\学习记录\导师项目\研究\caiqiyue_file\paper-new-round22\configs\experiments\bandit_data_collection\congressional\r22dc_congressional_seed6666_k18.yaml	paper-new-round22/outputs/bandit_data_collection/congressional/seed6666/k18
r22dc_congressional_seed6666_k19	congressional	6666	19	0.25	D:\学习记录\导师项目\研究\caiqiyue_file\paper-new-round22\configs\experiments\bandit_data_collection\congressional\r22dc_congressional_seed6666_k19.yaml	paper-new-round22/outputs/bandit_data_collection/congressional/seed6666/k19
r22dc_congressional_seed6666_k20	congressional	6666	20	0.5	D:\学习记录\导师项目\研究\caiqiyue_file\paper-new-round22\configs\experiments\bandit_data_collection\congressional\r22dc_congressional_seed6666_k20.yaml	paper-new-round22/outputs/bandit_data_collection/congressional/seed6666/k20
r22dc_congressional_seed6666_k21	congressional	6666	21	0.75	D:\学习记录\导师项目\研究\caiqiyue_file\paper-new-round22\configs\experiments\bandit_data_collection\congressional\r22dc_congressional_seed6666_k21.yaml	paper-new-round22/outputs/bandit_data_collection/congressional/seed6666/k21
r22dc_congressional_seed6666_k22	congressional	6666	22	1	D:\学习记录\导师项目\研究\caiqiyue_file\paper-new-round22\configs\experiments\bandit_data_collection\congressional\r22dc_congressional_seed6666_k22.yaml	paper-new-round22/outputs/bandit_data_collection/congressional/seed6666/k22
r22dc_congressional_seed7777_k18	congressional	7777	18	0	D:\学习记录\导师项目\研究\caiqiyue_file\paper-new-round22\configs\experiments\bandit_data_collection\congressional\r22dc_congressional_seed7777_k18.yaml	paper-new-round22/outputs/bandit_data_collection/congressional/seed7777/k18
r22dc_congressional_seed7777_k19	congressional	7777	19	0.25	D:\学习记录\导师项目\研究\caiqiyue_file\paper-new-round22\configs\experiments\bandit_data_collection\congressional\r22dc_congressional_seed7777_k19.yaml	paper-new-round22/outputs/bandit_data_collection/congressional/seed7777/k19
r22dc_congressional_seed7777_k20	congressional	7777	20	0.5	D:\学习记录\导师项目\研究\caiqiyue_file\paper-new-round22\configs\experiments\bandit_data_collection\congressional\r22dc_congressional_seed7777_k20.yaml	paper-new-round22/outputs/bandit_data_collection/congressional/seed7777/k20
r22dc_congressional_seed7777_k21	congressional	7777	21	0.75	D:\学习记录\导师项目\研究\caiqiyue_file\paper-new-round22\configs\experiments\bandit_data_collection\congressional\r22dc_congressional_seed7777_k21.yaml	paper-new-round22/outputs/bandit_data_collection/congressional/seed7777/k21
r22dc_congressional_seed7777_k22	congressional	7777	22	1	D:\学习记录\导师项目\研究\caiqiyue_file\paper-new-round22\configs\experiments\bandit_data_collection\congressional\r22dc_congressional_seed7777_k22.yaml	paper-new-round22/outputs/bandit_data_collection/congressional/seed7777/k22
r22dc_congressional_seed8888_k18	congressional	8888	18	0	D:\学习记录\导师项目\研究\caiqiyue_file\paper-new-round22\configs\experiments\bandit_data_collection\congressional\r22dc_congressional_seed8888_k18.yaml	paper-new-round22/outputs/bandit_data_collection/congressional/seed8888/k18
r22dc_congressional_seed8888_k19	congressional	8888	19	0.25	D:\学习记录\导师项目\研究\caiqiyue_file\paper-new-round22\configs\experiments\bandit_data_collection\congressional\r22dc_congressional_seed8888_k19.yaml	paper-new-round22/outputs/bandit_data_collection/congressional/seed8888/k19
r22dc_congressional_seed8888_k20	congressional	8888	20	0.5	D:\学习记录\导师项目\研究\caiqiyue_file\paper-new-round22\configs\experiments\bandit_data_collection\congressional\r22dc_congressional_seed8888_k20.yaml	paper-new-round22/outputs/bandit_data_collection/congressional/seed8888/k20
r22dc_congressional_seed8888_k21	congressional	8888	21	0.75	D:\学习记录\导师项目\研究\caiqiyue_file\paper-new-round22\configs\experiments\bandit_data_collection\congressional\r22dc_congressional_seed8888_k21.yaml	paper-new-round22/outputs/bandit_data_collection/congressional/seed8888/k21
r22dc_congressional_seed8888_k22	congressional	8888	22	1	D:\学习记录\导师项目\研究\caiqiyue_file\paper-new-round22\configs\experiments\bandit_data_collection\congressional\r22dc_congressional_seed8888_k22.yaml	paper-new-round22/outputs/bandit_data_collection/congressional/seed8888/k22
r22dc_congressional_seed9999_k18	congressional	9999	18	0	D:\学习记录\导师项目\研究\caiqiyue_file\paper-new-round22\configs\experiments\bandit_data_collection\congressional\r22dc_congressional_seed9999_k18.yaml	paper-new-round22/outputs/bandit_data_collection/congressional/seed9999/k18
r22dc_congressional_seed9999_k19	congressional	9999	19	0.25	D:\学习记录\导师项目\研究\caiqiyue_file\paper-new-round22\configs\experiments\bandit_data_collection\congressional\r22dc_congressional_seed9999_k19.yaml	paper-new-round22/outputs/bandit_data_collection/congressional/seed9999/k19
r22dc_congressional_seed9999_k20	congressional	9999	20	0.5	D:\学习记录\导师项目\研究\caiqiyue_file\paper-new-round22\configs\experiments\bandit_data_collection\congressional\r22dc_congressional_seed9999_k20.yaml	paper-new-round22/outputs/bandit_data_collection/congressional/seed9999/k20
r22dc_congressional_seed9999_k21	congressional	9999	21	0.75	D:\学习记录\导师项目\研究\caiqiyue_file\paper-new-round22\configs\experiments\bandit_data_collection\congressional\r22dc_congressional_seed9999_k21.yaml	paper-new-round22/outputs/bandit_data_collection/congressional/seed9999/k21
r22dc_congressional_seed9999_k22	congressional	9999	22	1	D:\学习记录\导师项目\研究\caiqiyue_file\paper-new-round22\configs\experiments\bandit_data_collection\congressional\r22dc_congressional_seed9999_k22.yaml	paper-new-round22/outputs/bandit_data_collection/congressional/seed9999/k22
r22dc_congressional_seed1357_k18	congressional	1357	18	0	D:\学习记录\导师项目\研究\caiqiyue_file\paper-new-round22\configs\experiments\bandit_data_collection\congressional\r22dc_congressional_seed1357_k18.yaml	paper-new-round22/outputs/bandit_data_collection/congressional/seed1357/k18
r22dc_congressional_seed1357_k19	congressional	1357	19	0.25	D:\学习记录\导师项目\研究\caiqiyue_file\paper-new-round22\configs\experiments\bandit_data_collection\congressional\r22dc_congressional_seed1357_k19.yaml	paper-new-round22/outputs/bandit_data_collection/congressional/seed1357/k19
r22dc_congressional_seed1357_k20	congressional	1357	20	0.5	D:\学习记录\导师项目\研究\caiqiyue_file\paper-new-round22\configs\experiments\bandit_data_collection\congressional\r22dc_congressional_seed1357_k20.yaml	paper-new-round22/outputs/bandit_data_collection/congressional/seed1357/k20
r22dc_congressional_seed1357_k21	congressional	1357	21	0.75	D:\学习记录\导师项目\研究\caiqiyue_file\paper-new-round22\configs\experiments\bandit_data_collection\congressional\r22dc_congressional_seed1357_k21.yaml	paper-new-round22/outputs/bandit_data_collection/congressional/seed1357/k21
r22dc_congressional_seed1357_k22	congressional	1357	22	1	D:\学习记录\导师项目\研究\caiqiyue_file\paper-new-round22\configs\experiments\bandit_data_collection\congressional\r22dc_congressional_seed1357_k22.yaml	paper-new-round22/outputs/bandit_data_collection/congressional/seed1357/k22
r22dc_congressional_seed2468_k18	congressional	2468	18	0	D:\学习记录\导师项目\研究\caiqiyue_file\paper-new-round22\configs\experiments\bandit_data_collection\congressional\r22dc_congressional_seed2468_k18.yaml	paper-new-round22/outputs/bandit_data_collection/congressional/seed2468/k18
r22dc_congressional_seed2468_k19	congressional	2468	19	0.25	D:\学习记录\导师项目\研究\caiqiyue_file\paper-new-round22\configs\experiments\bandit_data_collection\congressional\r22dc_congressional_seed2468_k19.yaml	paper-new-round22/outputs/bandit_data_collection/congressional/seed2468/k19
r22dc_congressional_seed2468_k20	congressional	2468	20	0.5	D:\学习记录\导师项目\研究\caiqiyue_file\paper-new-round22\configs\experiments\bandit_data_collection\congressional\r22dc_congressional_seed2468_k20.yaml	paper-new-round22/outputs/bandit_data_collection/congressional/seed2468/k20
r22dc_congressional_seed2468_k21	congressional	2468	21	0.75	D:\学习记录\导师项目\研究\caiqiyue_file\paper-new-round22\configs\experiments\bandit_data_collection\congressional\r22dc_congressional_seed2468_k21.yaml	paper-new-round22/outputs/bandit_data_collection/congressional/seed2468/k21
r22dc_congressional_seed2468_k22	congressional	2468	22	1	D:\学习记录\导师项目\研究\caiqiyue_file\paper-new-round22\configs\experiments\bandit_data_collection\congressional\r22dc_congressional_seed2468_k22.yaml	paper-new-round22/outputs/bandit_data_collection/congressional/seed2468/k22
r22dc_congressional_seed3141_k18	congressional	3141	18	0	D:\学习记录\导师项目\研究\caiqiyue_file\paper-new-round22\configs\experiments\bandit_data_collection\congressional\r22dc_congressional_seed3141_k18.yaml	paper-new-round22/outputs/bandit_data_collection/congressional/seed3141/k18
r22dc_congressional_seed3141_k19	congressional	3141	19	0.25	D:\学习记录\导师项目\研究\caiqiyue_file\paper-new-round22\configs\experiments\bandit_data_collection\congressional\r22dc_congressional_seed3141_k19.yaml	paper-new-round22/outputs/bandit_data_collection/congressional/seed3141/k19
r22dc_congressional_seed3141_k20	congressional	3141	20	0.5	D:\学习记录\导师项目\研究\caiqiyue_file\paper-new-round22\configs\experiments\bandit_data_collection\congressional\r22dc_congressional_seed3141_k20.yaml	paper-new-round22/outputs/bandit_data_collection/congressional/seed3141/k20
r22dc_congressional_seed3141_k21	congressional	3141	21	0.75	D:\学习记录\导师项目\研究\caiqiyue_file\paper-new-round22\configs\experiments\bandit_data_collection\congressional\r22dc_congressional_seed3141_k21.yaml	paper-new-round22/outputs/bandit_data_collection/congressional/seed3141/k21
r22dc_congressional_seed3141_k22	congressional	3141	22	1	D:\学习记录\导师项目\研究\caiqiyue_file\paper-new-round22\configs\experiments\bandit_data_collection\congressional\r22dc_congressional_seed3141_k22.yaml	paper-new-round22/outputs/bandit_data_collection/congressional/seed3141/k22
r22dc_congressional_seed2718_k18	congressional	2718	18	0	D:\学习记录\导师项目\研究\caiqiyue_file\paper-new-round22\configs\experiments\bandit_data_collection\congressional\r22dc_congressional_seed2718_k18.yaml	paper-new-round22/outputs/bandit_data_collection/congressional/seed2718/k18
r22dc_congressional_seed2718_k19	congressional	2718	19	0.25	D:\学习记录\导师项目\研究\caiqiyue_file\paper-new-round22\configs\experiments\bandit_data_collection\congressional\r22dc_congressional_seed2718_k19.yaml	paper-new-round22/outputs/bandit_data_collection/congressional/seed2718/k19
r22dc_congressional_seed2718_k20	congressional	2718	20	0.5	D:\学习记录\导师项目\研究\caiqiyue_file\paper-new-round22\configs\experiments\bandit_data_collection\congressional\r22dc_congressional_seed2718_k20.yaml	paper-new-round22/outputs/bandit_data_collection/congressional/seed2718/k20
r22dc_congressional_seed2718_k21	congressional	2718	21	0.75	D:\学习记录\导师项目\研究\caiqiyue_file\paper-new-round22\configs\experiments\bandit_data_collection\congressional\r22dc_congressional_seed2718_k21.yaml	paper-new-round22/outputs/bandit_data_collection/congressional/seed2718/k21
r22dc_congressional_seed2718_k22	congressional	2718	22	1	D:\学习记录\导师项目\研究\caiqiyue_file\paper-new-round22\configs\experiments\bandit_data_collection\congressional\r22dc_congressional_seed2718_k22.yaml	paper-new-round22/outputs/bandit_data_collection/congressional/seed2718/k22
r22dc_forums_seed42_k18	forums	42	18	0	D:\学习记录\导师项目\研究\caiqiyue_file\paper-new-round22\configs\experiments\bandit_data_collection\forums\r22dc_forums_seed42_k18.yaml	paper-new-round22/outputs/bandit_data_collection/forums/seed42/k18
r22dc_forums_seed42_k19	forums	42	19	0.25	D:\学习记录\导师项目\研究\caiqiyue_file\paper-new-round22\configs\experiments\bandit_data_collection\forums\r22dc_forums_seed42_k19.yaml	paper-new-round22/outputs/bandit_data_collection/forums/seed42/k19
r22dc_forums_seed42_k20	forums	42	20	0.5	D:\学习记录\导师项目\研究\caiqiyue_file\paper-new-round22\configs\experiments\bandit_data_collection\forums\r22dc_forums_seed42_k20.yaml	paper-new-round22/outputs/bandit_data_collection/forums/seed42/k20
r22dc_forums_seed42_k21	forums	42	21	0.75	D:\学习记录\导师项目\研究\caiqiyue_file\paper-new-round22\configs\experiments\bandit_data_collection\forums\r22dc_forums_seed42_k21.yaml	paper-new-round22/outputs/bandit_data_collection/forums/seed42/k21
r22dc_forums_seed42_k22	forums	42	22	1	D:\学习记录\导师项目\研究\caiqiyue_file\paper-new-round22\configs\experiments\bandit_data_collection\forums\r22dc_forums_seed42_k22.yaml	paper-new-round22/outputs/bandit_data_collection/forums/seed42/k22
r22dc_forums_seed123_k18	forums	123	18	0	D:\学习记录\导师项目\研究\caiqiyue_file\paper-new-round22\configs\experiments\bandit_data_collection\forums\r22dc_forums_seed123_k18.yaml	paper-new-round22/outputs/bandit_data_collection/forums/seed123/k18
r22dc_forums_seed123_k19	forums	123	19	0.25	D:\学习记录\导师项目\研究\caiqiyue_file\paper-new-round22\configs\experiments\bandit_data_collection\forums\r22dc_forums_seed123_k19.yaml	paper-new-round22/outputs/bandit_data_collection/forums/seed123/k19
r22dc_forums_seed123_k20	forums	123	20	0.5	D:\学习记录\导师项目\研究\caiqiyue_file\paper-new-round22\configs\experiments\bandit_data_collection\forums\r22dc_forums_seed123_k20.yaml	paper-new-round22/outputs/bandit_data_collection/forums/seed123/k20
r22dc_forums_seed123_k21	forums	123	21	0.75	D:\学习记录\导师项目\研究\caiqiyue_file\paper-new-round22\configs\experiments\bandit_data_collection\forums\r22dc_forums_seed123_k21.yaml	paper-new-round22/outputs/bandit_data_collection/forums/seed123/k21
r22dc_forums_seed123_k22	forums	123	22	1	D:\学习记录\导师项目\研究\caiqiyue_file\paper-new-round22\configs\experiments\bandit_data_collection\forums\r22dc_forums_seed123_k22.yaml	paper-new-round22/outputs/bandit_data_collection/forums/seed123/k22
r22dc_forums_seed456_k18	forums	456	18	0	D:\学习记录\导师项目\研究\caiqiyue_file\paper-new-round22\configs\experiments\bandit_data_collection\forums\r22dc_forums_seed456_k18.yaml	paper-new-round22/outputs/bandit_data_collection/forums/seed456/k18
r22dc_forums_seed456_k19	forums	456	19	0.25	D:\学习记录\导师项目\研究\caiqiyue_file\paper-new-round22\configs\experiments\bandit_data_collection\forums\r22dc_forums_seed456_k19.yaml	paper-new-round22/outputs/bandit_data_collection/forums/seed456/k19
r22dc_forums_seed456_k20	forums	456	20	0.5	D:\学习记录\导师项目\研究\caiqiyue_file\paper-new-round22\configs\experiments\bandit_data_collection\forums\r22dc_forums_seed456_k20.yaml	paper-new-round22/outputs/bandit_data_collection/forums/seed456/k20
r22dc_forums_seed456_k21	forums	456	21	0.75	D:\学习记录\导师项目\研究\caiqiyue_file\paper-new-round22\configs\experiments\bandit_data_collection\forums\r22dc_forums_seed456_k21.yaml	paper-new-round22/outputs/bandit_data_collection/forums/seed456/k21
r22dc_forums_seed456_k22	forums	456	22	1	D:\学习记录\导师项目\研究\caiqiyue_file\paper-new-round22\configs\experiments\bandit_data_collection\forums\r22dc_forums_seed456_k22.yaml	paper-new-round22/outputs/bandit_data_collection/forums/seed456/k22
r22dc_forums_seed789_k18	forums	789	18	0	D:\学习记录\导师项目\研究\caiqiyue_file\paper-new-round22\configs\experiments\bandit_data_collection\forums\r22dc_forums_seed789_k18.yaml	paper-new-round22/outputs/bandit_data_collection/forums/seed789/k18
r22dc_forums_seed789_k19	forums	789	19	0.25	D:\学习记录\导师项目\研究\caiqiyue_file\paper-new-round22\configs\experiments\bandit_data_collection\forums\r22dc_forums_seed789_k19.yaml	paper-new-round22/outputs/bandit_data_collection/forums/seed789/k19
r22dc_forums_seed789_k20	forums	789	20	0.5	D:\学习记录\导师项目\研究\caiqiyue_file\paper-new-round22\configs\experiments\bandit_data_collection\forums\r22dc_forums_seed789_k20.yaml	paper-new-round22/outputs/bandit_data_collection/forums/seed789/k20
r22dc_forums_seed789_k21	forums	789	21	0.75	D:\学习记录\导师项目\研究\caiqiyue_file\paper-new-round22\configs\experiments\bandit_data_collection\forums\r22dc_forums_seed789_k21.yaml	paper-new-round22/outputs/bandit_data_collection/forums/seed789/k21
r22dc_forums_seed789_k22	forums	789	22	1	D:\学习记录\导师项目\研究\caiqiyue_file\paper-new-round22\configs\experiments\bandit_data_collection\forums\r22dc_forums_seed789_k22.yaml	paper-new-round22/outputs/bandit_data_collection/forums/seed789/k22
r22dc_forums_seed1024_k18	forums	1024	18	0	D:\学习记录\导师项目\研究\caiqiyue_file\paper-new-round22\configs\experiments\bandit_data_collection\forums\r22dc_forums_seed1024_k18.yaml	paper-new-round22/outputs/bandit_data_collection/forums/seed1024/k18
r22dc_forums_seed1024_k19	forums	1024	19	0.25	D:\学习记录\导师项目\研究\caiqiyue_file\paper-new-round22\configs\experiments\bandit_data_collection\forums\r22dc_forums_seed1024_k19.yaml	paper-new-round22/outputs/bandit_data_collection/forums/seed1024/k19
r22dc_forums_seed1024_k20	forums	1024	20	0.5	D:\学习记录\导师项目\研究\caiqiyue_file\paper-new-round22\configs\experiments\bandit_data_collection\forums\r22dc_forums_seed1024_k20.yaml	paper-new-round22/outputs/bandit_data_collection/forums/seed1024/k20
r22dc_forums_seed1024_k21	forums	1024	21	0.75	D:\学习记录\导师项目\研究\caiqiyue_file\paper-new-round22\configs\experiments\bandit_data_collection\forums\r22dc_forums_seed1024_k21.yaml	paper-new-round22/outputs/bandit_data_collection/forums/seed1024/k21
r22dc_forums_seed1024_k22	forums	1024	22	1	D:\学习记录\导师项目\研究\caiqiyue_file\paper-new-round22\configs\experiments\bandit_data_collection\forums\r22dc_forums_seed1024_k22.yaml	paper-new-round22/outputs/bandit_data_collection/forums/seed1024/k22
r22dc_forums_seed2048_k18	forums	2048	18	0	D:\学习记录\导师项目\研究\caiqiyue_file\paper-new-round22\configs\experiments\bandit_data_collection\forums\r22dc_forums_seed2048_k18.yaml	paper-new-round22/outputs/bandit_data_collection/forums/seed2048/k18
r22dc_forums_seed2048_k19	forums	2048	19	0.25	D:\学习记录\导师项目\研究\caiqiyue_file\paper-new-round22\configs\experiments\bandit_data_collection\forums\r22dc_forums_seed2048_k19.yaml	paper-new-round22/outputs/bandit_data_collection/forums/seed2048/k19
r22dc_forums_seed2048_k20	forums	2048	20	0.5	D:\学习记录\导师项目\研究\caiqiyue_file\paper-new-round22\configs\experiments\bandit_data_collection\forums\r22dc_forums_seed2048_k20.yaml	paper-new-round22/outputs/bandit_data_collection/forums/seed2048/k20
r22dc_forums_seed2048_k21	forums	2048	21	0.75	D:\学习记录\导师项目\研究\caiqiyue_file\paper-new-round22\configs\experiments\bandit_data_collection\forums\r22dc_forums_seed2048_k21.yaml	paper-new-round22/outputs/bandit_data_collection/forums/seed2048/k21
r22dc_forums_seed2048_k22	forums	2048	22	1	D:\学习记录\导师项目\研究\caiqiyue_file\paper-new-round22\configs\experiments\bandit_data_collection\forums\r22dc_forums_seed2048_k22.yaml	paper-new-round22/outputs/bandit_data_collection/forums/seed2048/k22
r22dc_forums_seed4096_k18	forums	4096	18	0	D:\学习记录\导师项目\研究\caiqiyue_file\paper-new-round22\configs\experiments\bandit_data_collection\forums\r22dc_forums_seed4096_k18.yaml	paper-new-round22/outputs/bandit_data_collection/forums/seed4096/k18
r22dc_forums_seed4096_k19	forums	4096	19	0.25	D:\学习记录\导师项目\研究\caiqiyue_file\paper-new-round22\configs\experiments\bandit_data_collection\forums\r22dc_forums_seed4096_k19.yaml	paper-new-round22/outputs/bandit_data_collection/forums/seed4096/k19
r22dc_forums_seed4096_k20	forums	4096	20	0.5	D:\学习记录\导师项目\研究\caiqiyue_file\paper-new-round22\configs\experiments\bandit_data_collection\forums\r22dc_forums_seed4096_k20.yaml	paper-new-round22/outputs/bandit_data_collection/forums/seed4096/k20
r22dc_forums_seed4096_k21	forums	4096	21	0.75	D:\学习记录\导师项目\研究\caiqiyue_file\paper-new-round22\configs\experiments\bandit_data_collection\forums\r22dc_forums_seed4096_k21.yaml	paper-new-round22/outputs/bandit_data_collection/forums/seed4096/k21
r22dc_forums_seed4096_k22	forums	4096	22	1	D:\学习记录\导师项目\研究\caiqiyue_file\paper-new-round22\configs\experiments\bandit_data_collection\forums\r22dc_forums_seed4096_k22.yaml	paper-new-round22/outputs/bandit_data_collection/forums/seed4096/k22
r22dc_forums_seed8192_k18	forums	8192	18	0	D:\学习记录\导师项目\研究\caiqiyue_file\paper-new-round22\configs\experiments\bandit_data_collection\forums\r22dc_forums_seed8192_k18.yaml	paper-new-round22/outputs/bandit_data_collection/forums/seed8192/k18
r22dc_forums_seed8192_k19	forums	8192	19	0.25	D:\学习记录\导师项目\研究\caiqiyue_file\paper-new-round22\configs\experiments\bandit_data_collection\forums\r22dc_forums_seed8192_k19.yaml	paper-new-round22/outputs/bandit_data_collection/forums/seed8192/k19
r22dc_forums_seed8192_k20	forums	8192	20	0.5	D:\学习记录\导师项目\研究\caiqiyue_file\paper-new-round22\configs\experiments\bandit_data_collection\forums\r22dc_forums_seed8192_k20.yaml	paper-new-round22/outputs/bandit_data_collection/forums/seed8192/k20
r22dc_forums_seed8192_k21	forums	8192	21	0.75	D:\学习记录\导师项目\研究\caiqiyue_file\paper-new-round22\configs\experiments\bandit_data_collection\forums\r22dc_forums_seed8192_k21.yaml	paper-new-round22/outputs/bandit_data_collection/forums/seed8192/k21
r22dc_forums_seed8192_k22	forums	8192	22	1	D:\学习记录\导师项目\研究\caiqiyue_file\paper-new-round22\configs\experiments\bandit_data_collection\forums\r22dc_forums_seed8192_k22.yaml	paper-new-round22/outputs/bandit_data_collection/forums/seed8192/k22
r22dc_forums_seed100_k18	forums	100	18	0	D:\学习记录\导师项目\研究\caiqiyue_file\paper-new-round22\configs\experiments\bandit_data_collection\forums\r22dc_forums_seed100_k18.yaml	paper-new-round22/outputs/bandit_data_collection/forums/seed100/k18
r22dc_forums_seed100_k19	forums	100	19	0.25	D:\学习记录\导师项目\研究\caiqiyue_file\paper-new-round22\configs\experiments\bandit_data_collection\forums\r22dc_forums_seed100_k19.yaml	paper-new-round22/outputs/bandit_data_collection/forums/seed100/k19
r22dc_forums_seed100_k20	forums	100	20	0.5	D:\学习记录\导师项目\研究\caiqiyue_file\paper-new-round22\configs\experiments\bandit_data_collection\forums\r22dc_forums_seed100_k20.yaml	paper-new-round22/outputs/bandit_data_collection/forums/seed100/k20
r22dc_forums_seed100_k21	forums	100	21	0.75	D:\学习记录\导师项目\研究\caiqiyue_file\paper-new-round22\configs\experiments\bandit_data_collection\forums\r22dc_forums_seed100_k21.yaml	paper-new-round22/outputs/bandit_data_collection/forums/seed100/k21
r22dc_forums_seed100_k22	forums	100	22	1	D:\学习记录\导师项目\研究\caiqiyue_file\paper-new-round22\configs\experiments\bandit_data_collection\forums\r22dc_forums_seed100_k22.yaml	paper-new-round22/outputs/bandit_data_collection/forums/seed100/k22
r22dc_forums_seed200_k18	forums	200	18	0	D:\学习记录\导师项目\研究\caiqiyue_file\paper-new-round22\configs\experiments\bandit_data_collection\forums\r22dc_forums_seed200_k18.yaml	paper-new-round22/outputs/bandit_data_collection/forums/seed200/k18
r22dc_forums_seed200_k19	forums	200	19	0.25	D:\学习记录\导师项目\研究\caiqiyue_file\paper-new-round22\configs\experiments\bandit_data_collection\forums\r22dc_forums_seed200_k19.yaml	paper-new-round22/outputs/bandit_data_collection/forums/seed200/k19
r22dc_forums_seed200_k20	forums	200	20	0.5	D:\学习记录\导师项目\研究\caiqiyue_file\paper-new-round22\configs\experiments\bandit_data_collection\forums\r22dc_forums_seed200_k20.yaml	paper-new-round22/outputs/bandit_data_collection/forums/seed200/k20
r22dc_forums_seed200_k21	forums	200	21	0.75	D:\学习记录\导师项目\研究\caiqiyue_file\paper-new-round22\configs\experiments\bandit_data_collection\forums\r22dc_forums_seed200_k21.yaml	paper-new-round22/outputs/bandit_data_collection/forums/seed200/k21
r22dc_forums_seed200_k22	forums	200	22	1	D:\学习记录\导师项目\研究\caiqiyue_file\paper-new-round22\configs\experiments\bandit_data_collection\forums\r22dc_forums_seed200_k22.yaml	paper-new-round22/outputs/bandit_data_collection/forums/seed200/k22
r22dc_forums_seed300_k18	forums	300	18	0	D:\学习记录\导师项目\研究\caiqiyue_file\paper-new-round22\configs\experiments\bandit_data_collection\forums\r22dc_forums_seed300_k18.yaml	paper-new-round22/outputs/bandit_data_collection/forums/seed300/k18
r22dc_forums_seed300_k19	forums	300	19	0.25	D:\学习记录\导师项目\研究\caiqiyue_file\paper-new-round22\configs\experiments\bandit_data_collection\forums\r22dc_forums_seed300_k19.yaml	paper-new-round22/outputs/bandit_data_collection/forums/seed300/k19
r22dc_forums_seed300_k20	forums	300	20	0.5	D:\学习记录\导师项目\研究\caiqiyue_file\paper-new-round22\configs\experiments\bandit_data_collection\forums\r22dc_forums_seed300_k20.yaml	paper-new-round22/outputs/bandit_data_collection/forums/seed300/k20
r22dc_forums_seed300_k21	forums	300	21	0.75	D:\学习记录\导师项目\研究\caiqiyue_file\paper-new-round22\configs\experiments\bandit_data_collection\forums\r22dc_forums_seed300_k21.yaml	paper-new-round22/outputs/bandit_data_collection/forums/seed300/k21
r22dc_forums_seed300_k22	forums	300	22	1	D:\学习记录\导师项目\研究\caiqiyue_file\paper-new-round22\configs\experiments\bandit_data_collection\forums\r22dc_forums_seed300_k22.yaml	paper-new-round22/outputs/bandit_data_collection/forums/seed300/k22
r22dc_forums_seed400_k18	forums	400	18	0	D:\学习记录\导师项目\研究\caiqiyue_file\paper-new-round22\configs\experiments\bandit_data_collection\forums\r22dc_forums_seed400_k18.yaml	paper-new-round22/outputs/bandit_data_collection/forums/seed400/k18
r22dc_forums_seed400_k19	forums	400	19	0.25	D:\学习记录\导师项目\研究\caiqiyue_file\paper-new-round22\configs\experiments\bandit_data_collection\forums\r22dc_forums_seed400_k19.yaml	paper-new-round22/outputs/bandit_data_collection/forums/seed400/k19
r22dc_forums_seed400_k20	forums	400	20	0.5	D:\学习记录\导师项目\研究\caiqiyue_file\paper-new-round22\configs\experiments\bandit_data_collection\forums\r22dc_forums_seed400_k20.yaml	paper-new-round22/outputs/bandit_data_collection/forums/seed400/k20
r22dc_forums_seed400_k21	forums	400	21	0.75	D:\学习记录\导师项目\研究\caiqiyue_file\paper-new-round22\configs\experiments\bandit_data_collection\forums\r22dc_forums_seed400_k21.yaml	paper-new-round22/outputs/bandit_data_collection/forums/seed400/k21
r22dc_forums_seed400_k22	forums	400	22	1	D:\学习记录\导师项目\研究\caiqiyue_file\paper-new-round22\configs\experiments\bandit_data_collection\forums\r22dc_forums_seed400_k22.yaml	paper-new-round22/outputs/bandit_data_collection/forums/seed400/k22
r22dc_forums_seed500_k18	forums	500	18	0	D:\学习记录\导师项目\研究\caiqiyue_file\paper-new-round22\configs\experiments\bandit_data_collection\forums\r22dc_forums_seed500_k18.yaml	paper-new-round22/outputs/bandit_data_collection/forums/seed500/k18
r22dc_forums_seed500_k19	forums	500	19	0.25	D:\学习记录\导师项目\研究\caiqiyue_file\paper-new-round22\configs\experiments\bandit_data_collection\forums\r22dc_forums_seed500_k19.yaml	paper-new-round22/outputs/bandit_data_collection/forums/seed500/k19
r22dc_forums_seed500_k20	forums	500	20	0.5	D:\学习记录\导师项目\研究\caiqiyue_file\paper-new-round22\configs\experiments\bandit_data_collection\forums\r22dc_forums_seed500_k20.yaml	paper-new-round22/outputs/bandit_data_collection/forums/seed500/k20
r22dc_forums_seed500_k21	forums	500	21	0.75	D:\学习记录\导师项目\研究\caiqiyue_file\paper-new-round22\configs\experiments\bandit_data_collection\forums\r22dc_forums_seed500_k21.yaml	paper-new-round22/outputs/bandit_data_collection/forums/seed500/k21
r22dc_forums_seed500_k22	forums	500	22	1	D:\学习记录\导师项目\研究\caiqiyue_file\paper-new-round22\configs\experiments\bandit_data_collection\forums\r22dc_forums_seed500_k22.yaml	paper-new-round22/outputs/bandit_data_collection/forums/seed500/k22
r22dc_forums_seed600_k18	forums	600	18	0	D:\学习记录\导师项目\研究\caiqiyue_file\paper-new-round22\configs\experiments\bandit_data_collection\forums\r22dc_forums_seed600_k18.yaml	paper-new-round22/outputs/bandit_data_collection/forums/seed600/k18
r22dc_forums_seed600_k19	forums	600	19	0.25	D:\学习记录\导师项目\研究\caiqiyue_file\paper-new-round22\configs\experiments\bandit_data_collection\forums\r22dc_forums_seed600_k19.yaml	paper-new-round22/outputs/bandit_data_collection/forums/seed600/k19
r22dc_forums_seed600_k20	forums	600	20	0.5	D:\学习记录\导师项目\研究\caiqiyue_file\paper-new-round22\configs\experiments\bandit_data_collection\forums\r22dc_forums_seed600_k20.yaml	paper-new-round22/outputs/bandit_data_collection/forums/seed600/k20
r22dc_forums_seed600_k21	forums	600	21	0.75	D:\学习记录\导师项目\研究\caiqiyue_file\paper-new-round22\configs\experiments\bandit_data_collection\forums\r22dc_forums_seed600_k21.yaml	paper-new-round22/outputs/bandit_data_collection/forums/seed600/k21
r22dc_forums_seed600_k22	forums	600	22	1	D:\学习记录\导师项目\研究\caiqiyue_file\paper-new-round22\configs\experiments\bandit_data_collection\forums\r22dc_forums_seed600_k22.yaml	paper-new-round22/outputs/bandit_data_collection/forums/seed600/k22
r22dc_forums_seed700_k18	forums	700	18	0	D:\学习记录\导师项目\研究\caiqiyue_file\paper-new-round22\configs\experiments\bandit_data_collection\forums\r22dc_forums_seed700_k18.yaml	paper-new-round22/outputs/bandit_data_collection/forums/seed700/k18
r22dc_forums_seed700_k19	forums	700	19	0.25	D:\学习记录\导师项目\研究\caiqiyue_file\paper-new-round22\configs\experiments\bandit_data_collection\forums\r22dc_forums_seed700_k19.yaml	paper-new-round22/outputs/bandit_data_collection/forums/seed700/k19
r22dc_forums_seed700_k20	forums	700	20	0.5	D:\学习记录\导师项目\研究\caiqiyue_file\paper-new-round22\configs\experiments\bandit_data_collection\forums\r22dc_forums_seed700_k20.yaml	paper-new-round22/outputs/bandit_data_collection/forums/seed700/k20
r22dc_forums_seed700_k21	forums	700	21	0.75	D:\学习记录\导师项目\研究\caiqiyue_file\paper-new-round22\configs\experiments\bandit_data_collection\forums\r22dc_forums_seed700_k21.yaml	paper-new-round22/outputs/bandit_data_collection/forums/seed700/k21
r22dc_forums_seed700_k22	forums	700	22	1	D:\学习记录\导师项目\研究\caiqiyue_file\paper-new-round22\configs\experiments\bandit_data_collection\forums\r22dc_forums_seed700_k22.yaml	paper-new-round22/outputs/bandit_data_collection/forums/seed700/k22
r22dc_forums_seed888_k18	forums	888	18	0	D:\学习记录\导师项目\研究\caiqiyue_file\paper-new-round22\configs\experiments\bandit_data_collection\forums\r22dc_forums_seed888_k18.yaml	paper-new-round22/outputs/bandit_data_collection/forums/seed888/k18
r22dc_forums_seed888_k19	forums	888	19	0.25	D:\学习记录\导师项目\研究\caiqiyue_file\paper-new-round22\configs\experiments\bandit_data_collection\forums\r22dc_forums_seed888_k19.yaml	paper-new-round22/outputs/bandit_data_collection/forums/seed888/k19
r22dc_forums_seed888_k20	forums	888	20	0.5	D:\学习记录\导师项目\研究\caiqiyue_file\paper-new-round22\configs\experiments\bandit_data_collection\forums\r22dc_forums_seed888_k20.yaml	paper-new-round22/outputs/bandit_data_collection/forums/seed888/k20
r22dc_forums_seed888_k21	forums	888	21	0.75	D:\学习记录\导师项目\研究\caiqiyue_file\paper-new-round22\configs\experiments\bandit_data_collection\forums\r22dc_forums_seed888_k21.yaml	paper-new-round22/outputs/bandit_data_collection/forums/seed888/k21
r22dc_forums_seed888_k22	forums	888	22	1	D:\学习记录\导师项目\研究\caiqiyue_file\paper-new-round22\configs\experiments\bandit_data_collection\forums\r22dc_forums_seed888_k22.yaml	paper-new-round22/outputs/bandit_data_collection/forums/seed888/k22
r22dc_forums_seed999_k18	forums	999	18	0	D:\学习记录\导师项目\研究\caiqiyue_file\paper-new-round22\configs\experiments\bandit_data_collection\forums\r22dc_forums_seed999_k18.yaml	paper-new-round22/outputs/bandit_data_collection/forums/seed999/k18
r22dc_forums_seed999_k19	forums	999	19	0.25	D:\学习记录\导师项目\研究\caiqiyue_file\paper-new-round22\configs\experiments\bandit_data_collection\forums\r22dc_forums_seed999_k19.yaml	paper-new-round22/outputs/bandit_data_collection/forums/seed999/k19
r22dc_forums_seed999_k20	forums	999	20	0.5	D:\学习记录\导师项目\研究\caiqiyue_file\paper-new-round22\configs\experiments\bandit_data_collection\forums\r22dc_forums_seed999_k20.yaml	paper-new-round22/outputs/bandit_data_collection/forums/seed999/k20
r22dc_forums_seed999_k21	forums	999	21	0.75	D:\学习记录\导师项目\研究\caiqiyue_file\paper-new-round22\configs\experiments\bandit_data_collection\forums\r22dc_forums_seed999_k21.yaml	paper-new-round22/outputs/bandit_data_collection/forums/seed999/k21
r22dc_forums_seed999_k22	forums	999	22	1	D:\学习记录\导师项目\研究\caiqiyue_file\paper-new-round22\configs\experiments\bandit_data_collection\forums\r22dc_forums_seed999_k22.yaml	paper-new-round22/outputs/bandit_data_collection/forums/seed999/k22
r22dc_forums_seed1111_k18	forums	1111	18	0	D:\学习记录\导师项目\研究\caiqiyue_file\paper-new-round22\configs\experiments\bandit_data_collection\forums\r22dc_forums_seed1111_k18.yaml	paper-new-round22/outputs/bandit_data_collection/forums/seed1111/k18
r22dc_forums_seed1111_k19	forums	1111	19	0.25	D:\学习记录\导师项目\研究\caiqiyue_file\paper-new-round22\configs\experiments\bandit_data_collection\forums\r22dc_forums_seed1111_k19.yaml	paper-new-round22/outputs/bandit_data_collection/forums/seed1111/k19
r22dc_forums_seed1111_k20	forums	1111	20	0.5	D:\学习记录\导师项目\研究\caiqiyue_file\paper-new-round22\configs\experiments\bandit_data_collection\forums\r22dc_forums_seed1111_k20.yaml	paper-new-round22/outputs/bandit_data_collection/forums/seed1111/k20
r22dc_forums_seed1111_k21	forums	1111	21	0.75	D:\学习记录\导师项目\研究\caiqiyue_file\paper-new-round22\configs\experiments\bandit_data_collection\forums\r22dc_forums_seed1111_k21.yaml	paper-new-round22/outputs/bandit_data_collection/forums/seed1111/k21
r22dc_forums_seed1111_k22	forums	1111	22	1	D:\学习记录\导师项目\研究\caiqiyue_file\paper-new-round22\configs\experiments\bandit_data_collection\forums\r22dc_forums_seed1111_k22.yaml	paper-new-round22/outputs/bandit_data_collection/forums/seed1111/k22
r22dc_forums_seed2222_k18	forums	2222	18	0	D:\学习记录\导师项目\研究\caiqiyue_file\paper-new-round22\configs\experiments\bandit_data_collection\forums\r22dc_forums_seed2222_k18.yaml	paper-new-round22/outputs/bandit_data_collection/forums/seed2222/k18
r22dc_forums_seed2222_k19	forums	2222	19	0.25	D:\学习记录\导师项目\研究\caiqiyue_file\paper-new-round22\configs\experiments\bandit_data_collection\forums\r22dc_forums_seed2222_k19.yaml	paper-new-round22/outputs/bandit_data_collection/forums/seed2222/k19
r22dc_forums_seed2222_k20	forums	2222	20	0.5	D:\学习记录\导师项目\研究\caiqiyue_file\paper-new-round22\configs\experiments\bandit_data_collection\forums\r22dc_forums_seed2222_k20.yaml	paper-new-round22/outputs/bandit_data_collection/forums/seed2222/k20
r22dc_forums_seed2222_k21	forums	2222	21	0.75	D:\学习记录\导师项目\研究\caiqiyue_file\paper-new-round22\configs\experiments\bandit_data_collection\forums\r22dc_forums_seed2222_k21.yaml	paper-new-round22/outputs/bandit_data_collection/forums/seed2222/k21
r22dc_forums_seed2222_k22	forums	2222	22	1	D:\学习记录\导师项目\研究\caiqiyue_file\paper-new-round22\configs\experiments\bandit_data_collection\forums\r22dc_forums_seed2222_k22.yaml	paper-new-round22/outputs/bandit_data_collection/forums/seed2222/k22
r22dc_forums_seed3333_k18	forums	3333	18	0	D:\学习记录\导师项目\研究\caiqiyue_file\paper-new-round22\configs\experiments\bandit_data_collection\forums\r22dc_forums_seed3333_k18.yaml	paper-new-round22/outputs/bandit_data_collection/forums/seed3333/k18
r22dc_forums_seed3333_k19	forums	3333	19	0.25	D:\学习记录\导师项目\研究\caiqiyue_file\paper-new-round22\configs\experiments\bandit_data_collection\forums\r22dc_forums_seed3333_k19.yaml	paper-new-round22/outputs/bandit_data_collection/forums/seed3333/k19
r22dc_forums_seed3333_k20	forums	3333	20	0.5	D:\学习记录\导师项目\研究\caiqiyue_file\paper-new-round22\configs\experiments\bandit_data_collection\forums\r22dc_forums_seed3333_k20.yaml	paper-new-round22/outputs/bandit_data_collection/forums/seed3333/k20
r22dc_forums_seed3333_k21	forums	3333	21	0.75	D:\学习记录\导师项目\研究\caiqiyue_file\paper-new-round22\configs\experiments\bandit_data_collection\forums\r22dc_forums_seed3333_k21.yaml	paper-new-round22/outputs/bandit_data_collection/forums/seed3333/k21
r22dc_forums_seed3333_k22	forums	3333	22	1	D:\学习记录\导师项目\研究\caiqiyue_file\paper-new-round22\configs\experiments\bandit_data_collection\forums\r22dc_forums_seed3333_k22.yaml	paper-new-round22/outputs/bandit_data_collection/forums/seed3333/k22
r22dc_microblog_seed42_k18	microblog	42	18	0	D:\学习记录\导师项目\研究\caiqiyue_file\paper-new-round22\configs\experiments\bandit_data_collection\microblog\r22dc_microblog_seed42_k18.yaml	paper-new-round22/outputs/bandit_data_collection/microblog/seed42/k18
r22dc_microblog_seed42_k19	microblog	42	19	0.25	D:\学习记录\导师项目\研究\caiqiyue_file\paper-new-round22\configs\experiments\bandit_data_collection\microblog\r22dc_microblog_seed42_k19.yaml	paper-new-round22/outputs/bandit_data_collection/microblog/seed42/k19
r22dc_microblog_seed42_k20	microblog	42	20	0.5	D:\学习记录\导师项目\研究\caiqiyue_file\paper-new-round22\configs\experiments\bandit_data_collection\microblog\r22dc_microblog_seed42_k20.yaml	paper-new-round22/outputs/bandit_data_collection/microblog/seed42/k20
r22dc_microblog_seed42_k21	microblog	42	21	0.75	D:\学习记录\导师项目\研究\caiqiyue_file\paper-new-round22\configs\experiments\bandit_data_collection\microblog\r22dc_microblog_seed42_k21.yaml	paper-new-round22/outputs/bandit_data_collection/microblog/seed42/k21
r22dc_microblog_seed42_k22	microblog	42	22	1	D:\学习记录\导师项目\研究\caiqiyue_file\paper-new-round22\configs\experiments\bandit_data_collection\microblog\r22dc_microblog_seed42_k22.yaml	paper-new-round22/outputs/bandit_data_collection/microblog/seed42/k22
r22dc_microblog_seed123_k18	microblog	123	18	0	D:\学习记录\导师项目\研究\caiqiyue_file\paper-new-round22\configs\experiments\bandit_data_collection\microblog\r22dc_microblog_seed123_k18.yaml	paper-new-round22/outputs/bandit_data_collection/microblog/seed123/k18
r22dc_microblog_seed123_k19	microblog	123	19	0.25	D:\学习记录\导师项目\研究\caiqiyue_file\paper-new-round22\configs\experiments\bandit_data_collection\microblog\r22dc_microblog_seed123_k19.yaml	paper-new-round22/outputs/bandit_data_collection/microblog/seed123/k19
r22dc_microblog_seed123_k20	microblog	123	20	0.5	D:\学习记录\导师项目\研究\caiqiyue_file\paper-new-round22\configs\experiments\bandit_data_collection\microblog\r22dc_microblog_seed123_k20.yaml	paper-new-round22/outputs/bandit_data_collection/microblog/seed123/k20
r22dc_microblog_seed123_k21	microblog	123	21	0.75	D:\学习记录\导师项目\研究\caiqiyue_file\paper-new-round22\configs\experiments\bandit_data_collection\microblog\r22dc_microblog_seed123_k21.yaml	paper-new-round22/outputs/bandit_data_collection/microblog/seed123/k21
r22dc_microblog_seed123_k22	microblog	123	22	1	D:\学习记录\导师项目\研究\caiqiyue_file\paper-new-round22\configs\experiments\bandit_data_collection\microblog\r22dc_microblog_seed123_k22.yaml	paper-new-round22/outputs/bandit_data_collection/microblog/seed123/k22
r22dc_microblog_seed456_k18	microblog	456	18	0	D:\学习记录\导师项目\研究\caiqiyue_file\paper-new-round22\configs\experiments\bandit_data_collection\microblog\r22dc_microblog_seed456_k18.yaml	paper-new-round22/outputs/bandit_data_collection/microblog/seed456/k18
r22dc_microblog_seed456_k19	microblog	456	19	0.25	D:\学习记录\导师项目\研究\caiqiyue_file\paper-new-round22\configs\experiments\bandit_data_collection\microblog\r22dc_microblog_seed456_k19.yaml	paper-new-round22/outputs/bandit_data_collection/microblog/seed456/k19
r22dc_microblog_seed456_k20	microblog	456	20	0.5	D:\学习记录\导师项目\研究\caiqiyue_file\paper-new-round22\configs\experiments\bandit_data_collection\microblog\r22dc_microblog_seed456_k20.yaml	paper-new-round22/outputs/bandit_data_collection/microblog/seed456/k20
r22dc_microblog_seed456_k21	microblog	456	21	0.75	D:\学习记录\导师项目\研究\caiqiyue_file\paper-new-round22\configs\experiments\bandit_data_collection\microblog\r22dc_microblog_seed456_k21.yaml	paper-new-round22/outputs/bandit_data_collection/microblog/seed456/k21
r22dc_microblog_seed456_k22	microblog	456	22	1	D:\学习记录\导师项目\研究\caiqiyue_file\paper-new-round22\configs\experiments\bandit_data_collection\microblog\r22dc_microblog_seed456_k22.yaml	paper-new-round22/outputs/bandit_data_collection/microblog/seed456/k22
r22dc_microblog_seed789_k18	microblog	789	18	0	D:\学习记录\导师项目\研究\caiqiyue_file\paper-new-round22\configs\experiments\bandit_data_collection\microblog\r22dc_microblog_seed789_k18.yaml	paper-new-round22/outputs/bandit_data_collection/microblog/seed789/k18
r22dc_microblog_seed789_k19	microblog	789	19	0.25	D:\学习记录\导师项目\研究\caiqiyue_file\paper-new-round22\configs\experiments\bandit_data_collection\microblog\r22dc_microblog_seed789_k19.yaml	paper-new-round22/outputs/bandit_data_collection/microblog/seed789/k19
r22dc_microblog_seed789_k20	microblog	789	20	0.5	D:\学习记录\导师项目\研究\caiqiyue_file\paper-new-round22\configs\experiments\bandit_data_collection\microblog\r22dc_microblog_seed789_k20.yaml	paper-new-round22/outputs/bandit_data_collection/microblog/seed789/k20
r22dc_microblog_seed789_k21	microblog	789	21	0.75	D:\学习记录\导师项目\研究\caiqiyue_file\paper-new-round22\configs\experiments\bandit_data_collection\microblog\r22dc_microblog_seed789_k21.yaml	paper-new-round22/outputs/bandit_data_collection/microblog/seed789/k21
r22dc_microblog_seed789_k22	microblog	789	22	1	D:\学习记录\导师项目\研究\caiqiyue_file\paper-new-round22\configs\experiments\bandit_data_collection\microblog\r22dc_microblog_seed789_k22.yaml	paper-new-round22/outputs/bandit_data_collection/microblog/seed789/k22
r22dc_microblog_seed1024_k18	microblog	1024	18	0	D:\学习记录\导师项目\研究\caiqiyue_file\paper-new-round22\configs\experiments\bandit_data_collection\microblog\r22dc_microblog_seed1024_k18.yaml	paper-new-round22/outputs/bandit_data_collection/microblog/seed1024/k18
r22dc_microblog_seed1024_k19	microblog	1024	19	0.25	D:\学习记录\导师项目\研究\caiqiyue_file\paper-new-round22\configs\experiments\bandit_data_collection\microblog\r22dc_microblog_seed1024_k19.yaml	paper-new-round22/outputs/bandit_data_collection/microblog/seed1024/k19
r22dc_microblog_seed1024_k20	microblog	1024	20	0.5	D:\学习记录\导师项目\研究\caiqiyue_file\paper-new-round22\configs\experiments\bandit_data_collection\microblog\r22dc_microblog_seed1024_k20.yaml	paper-new-round22/outputs/bandit_data_collection/microblog/seed1024/k20
r22dc_microblog_seed1024_k21	microblog	1024	21	0.75	D:\学习记录\导师项目\研究\caiqiyue_file\paper-new-round22\configs\experiments\bandit_data_collection\microblog\r22dc_microblog_seed1024_k21.yaml	paper-new-round22/outputs/bandit_data_collection/microblog/seed1024/k21
r22dc_microblog_seed1024_k22	microblog	1024	22	1	D:\学习记录\导师项目\研究\caiqiyue_file\paper-new-round22\configs\experiments\bandit_data_collection\microblog\r22dc_microblog_seed1024_k22.yaml	paper-new-round22/outputs/bandit_data_collection/microblog/seed1024/k22
r22dc_microblog_seed2048_k18	microblog	2048	18	0	D:\学习记录\导师项目\研究\caiqiyue_file\paper-new-round22\configs\experiments\bandit_data_collection\microblog\r22dc_microblog_seed2048_k18.yaml	paper-new-round22/outputs/bandit_data_collection/microblog/seed2048/k18
r22dc_microblog_seed2048_k19	microblog	2048	19	0.25	D:\学习记录\导师项目\研究\caiqiyue_file\paper-new-round22\configs\experiments\bandit_data_collection\microblog\r22dc_microblog_seed2048_k19.yaml	paper-new-round22/outputs/bandit_data_collection/microblog/seed2048/k19
r22dc_microblog_seed2048_k20	microblog	2048	20	0.5	D:\学习记录\导师项目\研究\caiqiyue_file\paper-new-round22\configs\experiments\bandit_data_collection\microblog\r22dc_microblog_seed2048_k20.yaml	paper-new-round22/outputs/bandit_data_collection/microblog/seed2048/k20
r22dc_microblog_seed2048_k21	microblog	2048	21	0.75	D:\学习记录\导师项目\研究\caiqiyue_file\paper-new-round22\configs\experiments\bandit_data_collection\microblog\r22dc_microblog_seed2048_k21.yaml	paper-new-round22/outputs/bandit_data_collection/microblog/seed2048/k21
r22dc_microblog_seed2048_k22	microblog	2048	22	1	D:\学习记录\导师项目\研究\caiqiyue_file\paper-new-round22\configs\experiments\bandit_data_collection\microblog\r22dc_microblog_seed2048_k22.yaml	paper-new-round22/outputs/bandit_data_collection/microblog/seed2048/k22
r22dc_microblog_seed4096_k18	microblog	4096	18	0	D:\学习记录\导师项目\研究\caiqiyue_file\paper-new-round22\configs\experiments\bandit_data_collection\microblog\r22dc_microblog_seed4096_k18.yaml	paper-new-round22/outputs/bandit_data_collection/microblog/seed4096/k18
r22dc_microblog_seed4096_k19	microblog	4096	19	0.25	D:\学习记录\导师项目\研究\caiqiyue_file\paper-new-round22\configs\experiments\bandit_data_collection\microblog\r22dc_microblog_seed4096_k19.yaml	paper-new-round22/outputs/bandit_data_collection/microblog/seed4096/k19
r22dc_microblog_seed4096_k20	microblog	4096	20	0.5	D:\学习记录\导师项目\研究\caiqiyue_file\paper-new-round22\configs\experiments\bandit_data_collection\microblog\r22dc_microblog_seed4096_k20.yaml	paper-new-round22/outputs/bandit_data_collection/microblog/seed4096/k20
r22dc_microblog_seed4096_k21	microblog	4096	21	0.75	D:\学习记录\导师项目\研究\caiqiyue_file\paper-new-round22\configs\experiments\bandit_data_collection\microblog\r22dc_microblog_seed4096_k21.yaml	paper-new-round22/outputs/bandit_data_collection/microblog/seed4096/k21
r22dc_microblog_seed4096_k22	microblog	4096	22	1	D:\学习记录\导师项目\研究\caiqiyue_file\paper-new-round22\configs\experiments\bandit_data_collection\microblog\r22dc_microblog_seed4096_k22.yaml	paper-new-round22/outputs/bandit_data_collection/microblog/seed4096/k22
r22dc_microblog_seed8192_k18	microblog	8192	18	0	D:\学习记录\导师项目\研究\caiqiyue_file\paper-new-round22\configs\experiments\bandit_data_collection\microblog\r22dc_microblog_seed8192_k18.yaml	paper-new-round22/outputs/bandit_data_collection/microblog/seed8192/k18
r22dc_microblog_seed8192_k19	microblog	8192	19	0.25	D:\学习记录\导师项目\研究\caiqiyue_file\paper-new-round22\configs\experiments\bandit_data_collection\microblog\r22dc_microblog_seed8192_k19.yaml	paper-new-round22/outputs/bandit_data_collection/microblog/seed8192/k19
r22dc_microblog_seed8192_k20	microblog	8192	20	0.5	D:\学习记录\导师项目\研究\caiqiyue_file\paper-new-round22\configs\experiments\bandit_data_collection\microblog\r22dc_microblog_seed8192_k20.yaml	paper-new-round22/outputs/bandit_data_collection/microblog/seed8192/k20
r22dc_microblog_seed8192_k21	microblog	8192	21	0.75	D:\学习记录\导师项目\研究\caiqiyue_file\paper-new-round22\configs\experiments\bandit_data_collection\microblog\r22dc_microblog_seed8192_k21.yaml	paper-new-round22/outputs/bandit_data_collection/microblog/seed8192/k21
r22dc_microblog_seed8192_k22	microblog	8192	22	1	D:\学习记录\导师项目\研究\caiqiyue_file\paper-new-round22\configs\experiments\bandit_data_collection\microblog\r22dc_microblog_seed8192_k22.yaml	paper-new-round22/outputs/bandit_data_collection/microblog/seed8192/k22
r22dc_microblog_seed100_k18	microblog	100	18	0	D:\学习记录\导师项目\研究\caiqiyue_file\paper-new-round22\configs\experiments\bandit_data_collection\microblog\r22dc_microblog_seed100_k18.yaml	paper-new-round22/outputs/bandit_data_collection/microblog/seed100/k18
r22dc_microblog_seed100_k19	microblog	100	19	0.25	D:\学习记录\导师项目\研究\caiqiyue_file\paper-new-round22\configs\experiments\bandit_data_collection\microblog\r22dc_microblog_seed100_k19.yaml	paper-new-round22/outputs/bandit_data_collection/microblog/seed100/k19
r22dc_microblog_seed100_k20	microblog	100	20	0.5	D:\学习记录\导师项目\研究\caiqiyue_file\paper-new-round22\configs\experiments\bandit_data_collection\microblog\r22dc_microblog_seed100_k20.yaml	paper-new-round22/outputs/bandit_data_collection/microblog/seed100/k20
r22dc_microblog_seed100_k21	microblog	100	21	0.75	D:\学习记录\导师项目\研究\caiqiyue_file\paper-new-round22\configs\experiments\bandit_data_collection\microblog\r22dc_microblog_seed100_k21.yaml	paper-new-round22/outputs/bandit_data_collection/microblog/seed100/k21
r22dc_microblog_seed100_k22	microblog	100	22	1	D:\学习记录\导师项目\研究\caiqiyue_file\paper-new-round22\configs\experiments\bandit_data_collection\microblog\r22dc_microblog_seed100_k22.yaml	paper-new-round22/outputs/bandit_data_collection/microblog/seed100/k22
r22dc_microblog_seed200_k18	microblog	200	18	0	D:\学习记录\导师项目\研究\caiqiyue_file\paper-new-round22\configs\experiments\bandit_data_collection\microblog\r22dc_microblog_seed200_k18.yaml	paper-new-round22/outputs/bandit_data_collection/microblog/seed200/k18
r22dc_microblog_seed200_k19	microblog	200	19	0.25	D:\学习记录\导师项目\研究\caiqiyue_file\paper-new-round22\configs\experiments\bandit_data_collection\microblog\r22dc_microblog_seed200_k19.yaml	paper-new-round22/outputs/bandit_data_collection/microblog/seed200/k19
r22dc_microblog_seed200_k20	microblog	200	20	0.5	D:\学习记录\导师项目\研究\caiqiyue_file\paper-new-round22\configs\experiments\bandit_data_collection\microblog\r22dc_microblog_seed200_k20.yaml	paper-new-round22/outputs/bandit_data_collection/microblog/seed200/k20
r22dc_microblog_seed200_k21	microblog	200	21	0.75	D:\学习记录\导师项目\研究\caiqiyue_file\paper-new-round22\configs\experiments\bandit_data_collection\microblog\r22dc_microblog_seed200_k21.yaml	paper-new-round22/outputs/bandit_data_collection/microblog/seed200/k21
r22dc_microblog_seed200_k22	microblog	200	22	1	D:\学习记录\导师项目\研究\caiqiyue_file\paper-new-round22\configs\experiments\bandit_data_collection\microblog\r22dc_microblog_seed200_k22.yaml	paper-new-round22/outputs/bandit_data_collection/microblog/seed200/k22
r22dc_microblog_seed300_k18	microblog	300	18	0	D:\学习记录\导师项目\研究\caiqiyue_file\paper-new-round22\configs\experiments\bandit_data_collection\microblog\r22dc_microblog_seed300_k18.yaml	paper-new-round22/outputs/bandit_data_collection/microblog/seed300/k18
r22dc_microblog_seed300_k19	microblog	300	19	0.25	D:\学习记录\导师项目\研究\caiqiyue_file\paper-new-round22\configs\experiments\bandit_data_collection\microblog\r22dc_microblog_seed300_k19.yaml	paper-new-round22/outputs/bandit_data_collection/microblog/seed300/k19
r22dc_microblog_seed300_k20	microblog	300	20	0.5	D:\学习记录\导师项目\研究\caiqiyue_file\paper-new-round22\configs\experiments\bandit_data_collection\microblog\r22dc_microblog_seed300_k20.yaml	paper-new-round22/outputs/bandit_data_collection/microblog/seed300/k20
r22dc_microblog_seed300_k21	microblog	300	21	0.75	D:\学习记录\导师项目\研究\caiqiyue_file\paper-new-round22\configs\experiments\bandit_data_collection\microblog\r22dc_microblog_seed300_k21.yaml	paper-new-round22/outputs/bandit_data_collection/microblog/seed300/k21
r22dc_microblog_seed300_k22	microblog	300	22	1	D:\学习记录\导师项目\研究\caiqiyue_file\paper-new-round22\configs\experiments\bandit_data_collection\microblog\r22dc_microblog_seed300_k22.yaml	paper-new-round22/outputs/bandit_data_collection/microblog/seed300/k22
r22dc_microblog_seed400_k18	microblog	400	18	0	D:\学习记录\导师项目\研究\caiqiyue_file\paper-new-round22\configs\experiments\bandit_data_collection\microblog\r22dc_microblog_seed400_k18.yaml	paper-new-round22/outputs/bandit_data_collection/microblog/seed400/k18
r22dc_microblog_seed400_k19	microblog	400	19	0.25	D:\学习记录\导师项目\研究\caiqiyue_file\paper-new-round22\configs\experiments\bandit_data_collection\microblog\r22dc_microblog_seed400_k19.yaml	paper-new-round22/outputs/bandit_data_collection/microblog/seed400/k19
r22dc_microblog_seed400_k20	microblog	400	20	0.5	D:\学习记录\导师项目\研究\caiqiyue_file\paper-new-round22\configs\experiments\bandit_data_collection\microblog\r22dc_microblog_seed400_k20.yaml	paper-new-round22/outputs/bandit_data_collection/microblog/seed400/k20
r22dc_microblog_seed400_k21	microblog	400	21	0.75	D:\学习记录\导师项目\研究\caiqiyue_file\paper-new-round22\configs\experiments\bandit_data_collection\microblog\r22dc_microblog_seed400_k21.yaml	paper-new-round22/outputs/bandit_data_collection/microblog/seed400/k21
r22dc_microblog_seed400_k22	microblog	400	22	1	D:\学习记录\导师项目\研究\caiqiyue_file\paper-new-round22\configs\experiments\bandit_data_collection\microblog\r22dc_microblog_seed400_k22.yaml	paper-new-round22/outputs/bandit_data_collection/microblog/seed400/k22
r22dc_microblog_seed500_k18	microblog	500	18	0	D:\学习记录\导师项目\研究\caiqiyue_file\paper-new-round22\configs\experiments\bandit_data_collection\microblog\r22dc_microblog_seed500_k18.yaml	paper-new-round22/outputs/bandit_data_collection/microblog/seed500/k18
r22dc_microblog_seed500_k19	microblog	500	19	0.25	D:\学习记录\导师项目\研究\caiqiyue_file\paper-new-round22\configs\experiments\bandit_data_collection\microblog\r22dc_microblog_seed500_k19.yaml	paper-new-round22/outputs/bandit_data_collection/microblog/seed500/k19
r22dc_microblog_seed500_k20	microblog	500	20	0.5	D:\学习记录\导师项目\研究\caiqiyue_file\paper-new-round22\configs\experiments\bandit_data_collection\microblog\r22dc_microblog_seed500_k20.yaml	paper-new-round22/outputs/bandit_data_collection/microblog/seed500/k20
r22dc_microblog_seed500_k21	microblog	500	21	0.75	D:\学习记录\导师项目\研究\caiqiyue_file\paper-new-round22\configs\experiments\bandit_data_collection\microblog\r22dc_microblog_seed500_k21.yaml	paper-new-round22/outputs/bandit_data_collection/microblog/seed500/k21
r22dc_microblog_seed500_k22	microblog	500	22	1	D:\学习记录\导师项目\研究\caiqiyue_file\paper-new-round22\configs\experiments\bandit_data_collection\microblog\r22dc_microblog_seed500_k22.yaml	paper-new-round22/outputs/bandit_data_collection/microblog/seed500/k22
r22dc_microblog_seed600_k18	microblog	600	18	0	D:\学习记录\导师项目\研究\caiqiyue_file\paper-new-round22\configs\experiments\bandit_data_collection\microblog\r22dc_microblog_seed600_k18.yaml	paper-new-round22/outputs/bandit_data_collection/microblog/seed600/k18
r22dc_microblog_seed600_k19	microblog	600	19	0.25	D:\学习记录\导师项目\研究\caiqiyue_file\paper-new-round22\configs\experiments\bandit_data_collection\microblog\r22dc_microblog_seed600_k19.yaml	paper-new-round22/outputs/bandit_data_collection/microblog/seed600/k19
r22dc_microblog_seed600_k20	microblog	600	20	0.5	D:\学习记录\导师项目\研究\caiqiyue_file\paper-new-round22\configs\experiments\bandit_data_collection\microblog\r22dc_microblog_seed600_k20.yaml	paper-new-round22/outputs/bandit_data_collection/microblog/seed600/k20
r22dc_microblog_seed600_k21	microblog	600	21	0.75	D:\学习记录\导师项目\研究\caiqiyue_file\paper-new-round22\configs\experiments\bandit_data_collection\microblog\r22dc_microblog_seed600_k21.yaml	paper-new-round22/outputs/bandit_data_collection/microblog/seed600/k21
r22dc_microblog_seed600_k22	microblog	600	22	1	D:\学习记录\导师项目\研究\caiqiyue_file\paper-new-round22\configs\experiments\bandit_data_collection\microblog\r22dc_microblog_seed600_k22.yaml	paper-new-round22/outputs/bandit_data_collection/microblog/seed600/k22
r22dc_microblog_seed700_k18	microblog	700	18	0	D:\学习记录\导师项目\研究\caiqiyue_file\paper-new-round22\configs\experiments\bandit_data_collection\microblog\r22dc_microblog_seed700_k18.yaml	paper-new-round22/outputs/bandit_data_collection/microblog/seed700/k18
r22dc_microblog_seed700_k19	microblog	700	19	0.25	D:\学习记录\导师项目\研究\caiqiyue_file\paper-new-round22\configs\experiments\bandit_data_collection\microblog\r22dc_microblog_seed700_k19.yaml	paper-new-round22/outputs/bandit_data_collection/microblog/seed700/k19
r22dc_microblog_seed700_k20	microblog	700	20	0.5	D:\学习记录\导师项目\研究\caiqiyue_file\paper-new-round22\configs\experiments\bandit_data_collection\microblog\r22dc_microblog_seed700_k20.yaml	paper-new-round22/outputs/bandit_data_collection/microblog/seed700/k20
r22dc_microblog_seed700_k21	microblog	700	21	0.75	D:\学习记录\导师项目\研究\caiqiyue_file\paper-new-round22\configs\experiments\bandit_data_collection\microblog\r22dc_microblog_seed700_k21.yaml	paper-new-round22/outputs/bandit_data_collection/microblog/seed700/k21
r22dc_microblog_seed700_k22	microblog	700	22	1	D:\学习记录\导师项目\研究\caiqiyue_file\paper-new-round22\configs\experiments\bandit_data_collection\microblog\r22dc_microblog_seed700_k22.yaml	paper-new-round22/outputs/bandit_data_collection/microblog/seed700/k22
r22dc_microblog_seed888_k18	microblog	888	18	0	D:\学习记录\导师项目\研究\caiqiyue_file\paper-new-round22\configs\experiments\bandit_data_collection\microblog\r22dc_microblog_seed888_k18.yaml	paper-new-round22/outputs/bandit_data_collection/microblog/seed888/k18
r22dc_microblog_seed888_k19	microblog	888	19	0.25	D:\学习记录\导师项目\研究\caiqiyue_file\paper-new-round22\configs\experiments\bandit_data_collection\microblog\r22dc_microblog_seed888_k19.yaml	paper-new-round22/outputs/bandit_data_collection/microblog/seed888/k19
r22dc_microblog_seed888_k20	microblog	888	20	0.5	D:\学习记录\导师项目\研究\caiqiyue_file\paper-new-round22\configs\experiments\bandit_data_collection\microblog\r22dc_microblog_seed888_k20.yaml	paper-new-round22/outputs/bandit_data_collection/microblog/seed888/k20
r22dc_microblog_seed888_k21	microblog	888	21	0.75	D:\学习记录\导师项目\研究\caiqiyue_file\paper-new-round22\configs\experiments\bandit_data_collection\microblog\r22dc_microblog_seed888_k21.yaml	paper-new-round22/outputs/bandit_data_collection/microblog/seed888/k21
r22dc_microblog_seed888_k22	microblog	888	22	1	D:\学习记录\导师项目\研究\caiqiyue_file\paper-new-round22\configs\experiments\bandit_data_collection\microblog\r22dc_microblog_seed888_k22.yaml	paper-new-round22/outputs/bandit_data_collection/microblog/seed888/k22
r22dc_microblog_seed999_k18	microblog	999	18	0	D:\学习记录\导师项目\研究\caiqiyue_file\paper-new-round22\configs\experiments\bandit_data_collection\microblog\r22dc_microblog_seed999_k18.yaml	paper-new-round22/outputs/bandit_data_collection/microblog/seed999/k18
r22dc_microblog_seed999_k19	microblog	999	19	0.25	D:\学习记录\导师项目\研究\caiqiyue_file\paper-new-round22\configs\experiments\bandit_data_collection\microblog\r22dc_microblog_seed999_k19.yaml	paper-new-round22/outputs/bandit_data_collection/microblog/seed999/k19
r22dc_microblog_seed999_k20	microblog	999	20	0.5	D:\学习记录\导师项目\研究\caiqiyue_file\paper-new-round22\configs\experiments\bandit_data_collection\microblog\r22dc_microblog_seed999_k20.yaml	paper-new-round22/outputs/bandit_data_collection/microblog/seed999/k20
r22dc_microblog_seed999_k21	microblog	999	21	0.75	D:\学习记录\导师项目\研究\caiqiyue_file\paper-new-round22\configs\experiments\bandit_data_collection\microblog\r22dc_microblog_seed999_k21.yaml	paper-new-round22/outputs/bandit_data_collection/microblog/seed999/k21
r22dc_microblog_seed999_k22	microblog	999	22	1	D:\学习记录\导师项目\研究\caiqiyue_file\paper-new-round22\configs\experiments\bandit_data_collection\microblog\r22dc_microblog_seed999_k22.yaml	paper-new-round22/outputs/bandit_data_collection/microblog/seed999/k22
r22dc_microblog_seed1111_k18	microblog	1111	18	0	D:\学习记录\导师项目\研究\caiqiyue_file\paper-new-round22\configs\experiments\bandit_data_collection\microblog\r22dc_microblog_seed1111_k18.yaml	paper-new-round22/outputs/bandit_data_collection/microblog/seed1111/k18
r22dc_microblog_seed1111_k19	microblog	1111	19	0.25	D:\学习记录\导师项目\研究\caiqiyue_file\paper-new-round22\configs\experiments\bandit_data_collection\microblog\r22dc_microblog_seed1111_k19.yaml	paper-new-round22/outputs/bandit_data_collection/microblog/seed1111/k19
r22dc_microblog_seed1111_k20	microblog	1111	20	0.5	D:\学习记录\导师项目\研究\caiqiyue_file\paper-new-round22\configs\experiments\bandit_data_collection\microblog\r22dc_microblog_seed1111_k20.yaml	paper-new-round22/outputs/bandit_data_collection/microblog/seed1111/k20
r22dc_microblog_seed1111_k21	microblog	1111	21	0.75	D:\学习记录\导师项目\研究\caiqiyue_file\paper-new-round22\configs\experiments\bandit_data_collection\microblog\r22dc_microblog_seed1111_k21.yaml	paper-new-round22/outputs/bandit_data_collection/microblog/seed1111/k21
r22dc_microblog_seed1111_k22	microblog	1111	22	1	D:\学习记录\导师项目\研究\caiqiyue_file\paper-new-round22\configs\experiments\bandit_data_collection\microblog\r22dc_microblog_seed1111_k22.yaml	paper-new-round22/outputs/bandit_data_collection/microblog/seed1111/k22
r22dc_microblog_seed2222_k18	microblog	2222	18	0	D:\学习记录\导师项目\研究\caiqiyue_file\paper-new-round22\configs\experiments\bandit_data_collection\microblog\r22dc_microblog_seed2222_k18.yaml	paper-new-round22/outputs/bandit_data_collection/microblog/seed2222/k18
r22dc_microblog_seed2222_k19	microblog	2222	19	0.25	D:\学习记录\导师项目\研究\caiqiyue_file\paper-new-round22\configs\experiments\bandit_data_collection\microblog\r22dc_microblog_seed2222_k19.yaml	paper-new-round22/outputs/bandit_data_collection/microblog/seed2222/k19
r22dc_microblog_seed2222_k20	microblog	2222	20	0.5	D:\学习记录\导师项目\研究\caiqiyue_file\paper-new-round22\configs\experiments\bandit_data_collection\microblog\r22dc_microblog_seed2222_k20.yaml	paper-new-round22/outputs/bandit_data_collection/microblog/seed2222/k20
r22dc_microblog_seed2222_k21	microblog	2222	21	0.75	D:\学习记录\导师项目\研究\caiqiyue_file\paper-new-round22\configs\experiments\bandit_data_collection\microblog\r22dc_microblog_seed2222_k21.yaml	paper-new-round22/outputs/bandit_data_collection/microblog/seed2222/k21
r22dc_microblog_seed2222_k22	microblog	2222	22	1	D:\学习记录\导师项目\研究\caiqiyue_file\paper-new-round22\configs\experiments\bandit_data_collection\microblog\r22dc_microblog_seed2222_k22.yaml	paper-new-round22/outputs/bandit_data_collection/microblog/seed2222/k22
r22dc_microblog_seed3333_k18	microblog	3333	18	0	D:\学习记录\导师项目\研究\caiqiyue_file\paper-new-round22\configs\experiments\bandit_data_collection\microblog\r22dc_microblog_seed3333_k18.yaml	paper-new-round22/outputs/bandit_data_collection/microblog/seed3333/k18
r22dc_microblog_seed3333_k19	microblog	3333	19	0.25	D:\学习记录\导师项目\研究\caiqiyue_file\paper-new-round22\configs\experiments\bandit_data_collection\microblog\r22dc_microblog_seed3333_k19.yaml	paper-new-round22/outputs/bandit_data_collection/microblog/seed3333/k19
r22dc_microblog_seed3333_k20	microblog	3333	20	0.5	D:\学习记录\导师项目\研究\caiqiyue_file\paper-new-round22\configs\experiments\bandit_data_collection\microblog\r22dc_microblog_seed3333_k20.yaml	paper-new-round22/outputs/bandit_data_collection/microblog/seed3333/k20
r22dc_microblog_seed3333_k21	microblog	3333	21	0.75	D:\学习记录\导师项目\研究\caiqiyue_file\paper-new-round22\configs\experiments\bandit_data_collection\microblog\r22dc_microblog_seed3333_k21.yaml	paper-new-round22/outputs/bandit_data_collection/microblog/seed3333/k21
r22dc_microblog_seed3333_k22	microblog	3333	22	1	D:\学习记录\导师项目\研究\caiqiyue_file\paper-new-round22\configs\experiments\bandit_data_collection\microblog\r22dc_microblog_seed3333_k22.yaml	paper-new-round22/outputs/bandit_data_collection/microblog/seed3333/k22
r22dc_microblog_seed1212_k18	microblog	1212	18	0	D:\学习记录\导师项目\研究\caiqiyue_file\paper-new-round22\configs\experiments\bandit_data_collection\microblog\r22dc_microblog_seed1212_k18.yaml	paper-new-round22/outputs/bandit_data_collection/microblog/seed1212/k18
r22dc_microblog_seed1212_k19	microblog	1212	19	0.25	D:\学习记录\导师项目\研究\caiqiyue_file\paper-new-round22\configs\experiments\bandit_data_collection\microblog\r22dc_microblog_seed1212_k19.yaml	paper-new-round22/outputs/bandit_data_collection/microblog/seed1212/k19
r22dc_microblog_seed1212_k20	microblog	1212	20	0.5	D:\学习记录\导师项目\研究\caiqiyue_file\paper-new-round22\configs\experiments\bandit_data_collection\microblog\r22dc_microblog_seed1212_k20.yaml	paper-new-round22/outputs/bandit_data_collection/microblog/seed1212/k20
r22dc_microblog_seed1212_k21	microblog	1212	21	0.75	D:\学习记录\导师项目\研究\caiqiyue_file\paper-new-round22\configs\experiments\bandit_data_collection\microblog\r22dc_microblog_seed1212_k21.yaml	paper-new-round22/outputs/bandit_data_collection/microblog/seed1212/k21
r22dc_microblog_seed1212_k22	microblog	1212	22	1	D:\学习记录\导师项目\研究\caiqiyue_file\paper-new-round22\configs\experiments\bandit_data_collection\microblog\r22dc_microblog_seed1212_k22.yaml	paper-new-round22/outputs/bandit_data_collection/microblog/seed1212/k22
r22dc_microblog_seed1313_k18	microblog	1313	18	0	D:\学习记录\导师项目\研究\caiqiyue_file\paper-new-round22\configs\experiments\bandit_data_collection\microblog\r22dc_microblog_seed1313_k18.yaml	paper-new-round22/outputs/bandit_data_collection/microblog/seed1313/k18
r22dc_microblog_seed1313_k19	microblog	1313	19	0.25	D:\学习记录\导师项目\研究\caiqiyue_file\paper-new-round22\configs\experiments\bandit_data_collection\microblog\r22dc_microblog_seed1313_k19.yaml	paper-new-round22/outputs/bandit_data_collection/microblog/seed1313/k19
r22dc_microblog_seed1313_k20	microblog	1313	20	0.5	D:\学习记录\导师项目\研究\caiqiyue_file\paper-new-round22\configs\experiments\bandit_data_collection\microblog\r22dc_microblog_seed1313_k20.yaml	paper-new-round22/outputs/bandit_data_collection/microblog/seed1313/k20
r22dc_microblog_seed1313_k21	microblog	1313	21	0.75	D:\学习记录\导师项目\研究\caiqiyue_file\paper-new-round22\configs\experiments\bandit_data_collection\microblog\r22dc_microblog_seed1313_k21.yaml	paper-new-round22/outputs/bandit_data_collection/microblog/seed1313/k21
r22dc_microblog_seed1313_k22	microblog	1313	22	1	D:\学习记录\导师项目\研究\caiqiyue_file\paper-new-round22\configs\experiments\bandit_data_collection\microblog\r22dc_microblog_seed1313_k22.yaml	paper-new-round22/outputs/bandit_data_collection/microblog/seed1313/k22
r22dc_microblog_seed1414_k18	microblog	1414	18	0	D:\学习记录\导师项目\研究\caiqiyue_file\paper-new-round22\configs\experiments\bandit_data_collection\microblog\r22dc_microblog_seed1414_k18.yaml	paper-new-round22/outputs/bandit_data_collection/microblog/seed1414/k18
r22dc_microblog_seed1414_k19	microblog	1414	19	0.25	D:\学习记录\导师项目\研究\caiqiyue_file\paper-new-round22\configs\experiments\bandit_data_collection\microblog\r22dc_microblog_seed1414_k19.yaml	paper-new-round22/outputs/bandit_data_collection/microblog/seed1414/k19
r22dc_microblog_seed1414_k20	microblog	1414	20	0.5	D:\学习记录\导师项目\研究\caiqiyue_file\paper-new-round22\configs\experiments\bandit_data_collection\microblog\r22dc_microblog_seed1414_k20.yaml	paper-new-round22/outputs/bandit_data_collection/microblog/seed1414/k20
r22dc_microblog_seed1414_k21	microblog	1414	21	0.75	D:\学习记录\导师项目\研究\caiqiyue_file\paper-new-round22\configs\experiments\bandit_data_collection\microblog\r22dc_microblog_seed1414_k21.yaml	paper-new-round22/outputs/bandit_data_collection/microblog/seed1414/k21
r22dc_microblog_seed1414_k22	microblog	1414	22	1	D:\学习记录\导师项目\研究\caiqiyue_file\paper-new-round22\configs\experiments\bandit_data_collection\microblog\r22dc_microblog_seed1414_k22.yaml	paper-new-round22/outputs/bandit_data_collection/microblog/seed1414/k22
r22dc_microblog_seed1515_k18	microblog	1515	18	0	D:\学习记录\导师项目\研究\caiqiyue_file\paper-new-round22\configs\experiments\bandit_data_collection\microblog\r22dc_microblog_seed1515_k18.yaml	paper-new-round22/outputs/bandit_data_collection/microblog/seed1515/k18
r22dc_microblog_seed1515_k19	microblog	1515	19	0.25	D:\学习记录\导师项目\研究\caiqiyue_file\paper-new-round22\configs\experiments\bandit_data_collection\microblog\r22dc_microblog_seed1515_k19.yaml	paper-new-round22/outputs/bandit_data_collection/microblog/seed1515/k19
r22dc_microblog_seed1515_k20	microblog	1515	20	0.5	D:\学习记录\导师项目\研究\caiqiyue_file\paper-new-round22\configs\experiments\bandit_data_collection\microblog\r22dc_microblog_seed1515_k20.yaml	paper-new-round22/outputs/bandit_data_collection/microblog/seed1515/k20
r22dc_microblog_seed1515_k21	microblog	1515	21	0.75	D:\学习记录\导师项目\研究\caiqiyue_file\paper-new-round22\configs\experiments\bandit_data_collection\microblog\r22dc_microblog_seed1515_k21.yaml	paper-new-round22/outputs/bandit_data_collection/microblog/seed1515/k21
r22dc_microblog_seed1515_k22	microblog	1515	22	1	D:\学习记录\导师项目\研究\caiqiyue_file\paper-new-round22\configs\experiments\bandit_data_collection\microblog\r22dc_microblog_seed1515_k22.yaml	paper-new-round22/outputs/bandit_data_collection/microblog/seed1515/k22
r22dc_microblog_seed1616_k18	microblog	1616	18	0	D:\学习记录\导师项目\研究\caiqiyue_file\paper-new-round22\configs\experiments\bandit_data_collection\microblog\r22dc_microblog_seed1616_k18.yaml	paper-new-round22/outputs/bandit_data_collection/microblog/seed1616/k18
r22dc_microblog_seed1616_k19	microblog	1616	19	0.25	D:\学习记录\导师项目\研究\caiqiyue_file\paper-new-round22\configs\experiments\bandit_data_collection\microblog\r22dc_microblog_seed1616_k19.yaml	paper-new-round22/outputs/bandit_data_collection/microblog/seed1616/k19
r22dc_microblog_seed1616_k20	microblog	1616	20	0.5	D:\学习记录\导师项目\研究\caiqiyue_file\paper-new-round22\configs\experiments\bandit_data_collection\microblog\r22dc_microblog_seed1616_k20.yaml	paper-new-round22/outputs/bandit_data_collection/microblog/seed1616/k20
r22dc_microblog_seed1616_k21	microblog	1616	21	0.75	D:\学习记录\导师项目\研究\caiqiyue_file\paper-new-round22\configs\experiments\bandit_data_collection\microblog\r22dc_microblog_seed1616_k21.yaml	paper-new-round22/outputs/bandit_data_collection/microblog/seed1616/k21
r22dc_microblog_seed1616_k22	microblog	1616	22	1	D:\学习记录\导师项目\研究\caiqiyue_file\paper-new-round22\configs\experiments\bandit_data_collection\microblog\r22dc_microblog_seed1616_k22.yaml	paper-new-round22/outputs/bandit_data_collection/microblog/seed1616/k22
r22dc_microblog_seed1717_k18	microblog	1717	18	0	D:\学习记录\导师项目\研究\caiqiyue_file\paper-new-round22\configs\experiments\bandit_data_collection\microblog\r22dc_microblog_seed1717_k18.yaml	paper-new-round22/outputs/bandit_data_collection/microblog/seed1717/k18
r22dc_microblog_seed1717_k19	microblog	1717	19	0.25	D:\学习记录\导师项目\研究\caiqiyue_file\paper-new-round22\configs\experiments\bandit_data_collection\microblog\r22dc_microblog_seed1717_k19.yaml	paper-new-round22/outputs/bandit_data_collection/microblog/seed1717/k19
r22dc_microblog_seed1717_k20	microblog	1717	20	0.5	D:\学习记录\导师项目\研究\caiqiyue_file\paper-new-round22\configs\experiments\bandit_data_collection\microblog\r22dc_microblog_seed1717_k20.yaml	paper-new-round22/outputs/bandit_data_collection/microblog/seed1717/k20
r22dc_microblog_seed1717_k21	microblog	1717	21	0.75	D:\学习记录\导师项目\研究\caiqiyue_file\paper-new-round22\configs\experiments\bandit_data_collection\microblog\r22dc_microblog_seed1717_k21.yaml	paper-new-round22/outputs/bandit_data_collection/microblog/seed1717/k21
r22dc_microblog_seed1717_k22	microblog	1717	22	1	D:\学习记录\导师项目\研究\caiqiyue_file\paper-new-round22\configs\experiments\bandit_data_collection\microblog\r22dc_microblog_seed1717_k22.yaml	paper-new-round22/outputs/bandit_data_collection/microblog/seed1717/k22
r22dc_microblog_seed1818_k18	microblog	1818	18	0	D:\学习记录\导师项目\研究\caiqiyue_file\paper-new-round22\configs\experiments\bandit_data_collection\microblog\r22dc_microblog_seed1818_k18.yaml	paper-new-round22/outputs/bandit_data_collection/microblog/seed1818/k18
r22dc_microblog_seed1818_k19	microblog	1818	19	0.25	D:\学习记录\导师项目\研究\caiqiyue_file\paper-new-round22\configs\experiments\bandit_data_collection\microblog\r22dc_microblog_seed1818_k19.yaml	paper-new-round22/outputs/bandit_data_collection/microblog/seed1818/k19
r22dc_microblog_seed1818_k20	microblog	1818	20	0.5	D:\学习记录\导师项目\研究\caiqiyue_file\paper-new-round22\configs\experiments\bandit_data_collection\microblog\r22dc_microblog_seed1818_k20.yaml	paper-new-round22/outputs/bandit_data_collection/microblog/seed1818/k20
r22dc_microblog_seed1818_k21	microblog	1818	21	0.75	D:\学习记录\导师项目\研究\caiqiyue_file\paper-new-round22\configs\experiments\bandit_data_collection\microblog\r22dc_microblog_seed1818_k21.yaml	paper-new-round22/outputs/bandit_data_collection/microblog/seed1818/k21
r22dc_microblog_seed1818_k22	microblog	1818	22	1	D:\学习记录\导师项目\研究\caiqiyue_file\paper-new-round22\configs\experiments\bandit_data_collection\microblog\r22dc_microblog_seed1818_k22.yaml	paper-new-round22/outputs/bandit_data_collection/microblog/seed1818/k22
r22dc_microblog_seed1919_k18	microblog	1919	18	0	D:\学习记录\导师项目\研究\caiqiyue_file\paper-new-round22\configs\experiments\bandit_data_collection\microblog\r22dc_microblog_seed1919_k18.yaml	paper-new-round22/outputs/bandit_data_collection/microblog/seed1919/k18
r22dc_microblog_seed1919_k19	microblog	1919	19	0.25	D:\学习记录\导师项目\研究\caiqiyue_file\paper-new-round22\configs\experiments\bandit_data_collection\microblog\r22dc_microblog_seed1919_k19.yaml	paper-new-round22/outputs/bandit_data_collection/microblog/seed1919/k19
r22dc_microblog_seed1919_k20	microblog	1919	20	0.5	D:\学习记录\导师项目\研究\caiqiyue_file\paper-new-round22\configs\experiments\bandit_data_collection\microblog\r22dc_microblog_seed1919_k20.yaml	paper-new-round22/outputs/bandit_data_collection/microblog/seed1919/k20
r22dc_microblog_seed1919_k21	microblog	1919	21	0.75	D:\学习记录\导师项目\研究\caiqiyue_file\paper-new-round22\configs\experiments\bandit_data_collection\microblog\r22dc_microblog_seed1919_k21.yaml	paper-new-round22/outputs/bandit_data_collection/microblog/seed1919/k21
r22dc_microblog_seed1919_k22	microblog	1919	22	1	D:\学习记录\导师项目\研究\caiqiyue_file\paper-new-round22\configs\experiments\bandit_data_collection\microblog\r22dc_microblog_seed1919_k22.yaml	paper-new-round22/outputs/bandit_data_collection/microblog/seed1919/k22
r22dc_microblog_seed2020_k18	microblog	2020	18	0	D:\学习记录\导师项目\研究\caiqiyue_file\paper-new-round22\configs\experiments\bandit_data_collection\microblog\r22dc_microblog_seed2020_k18.yaml	paper-new-round22/outputs/bandit_data_collection/microblog/seed2020/k18
r22dc_microblog_seed2020_k19	microblog	2020	19	0.25	D:\学习记录\导师项目\研究\caiqiyue_file\paper-new-round22\configs\experiments\bandit_data_collection\microblog\r22dc_microblog_seed2020_k19.yaml	paper-new-round22/outputs/bandit_data_collection/microblog/seed2020/k19
r22dc_microblog_seed2020_k20	microblog	2020	20	0.5	D:\学习记录\导师项目\研究\caiqiyue_file\paper-new-round22\configs\experiments\bandit_data_collection\microblog\r22dc_microblog_seed2020_k20.yaml	paper-new-round22/outputs/bandit_data_collection/microblog/seed2020/k20
r22dc_microblog_seed2020_k21	microblog	2020	21	0.75	D:\学习记录\导师项目\研究\caiqiyue_file\paper-new-round22\configs\experiments\bandit_data_collection\microblog\r22dc_microblog_seed2020_k21.yaml	paper-new-round22/outputs/bandit_data_collection/microblog/seed2020/k21
r22dc_microblog_seed2020_k22	microblog	2020	22	1	D:\学习记录\导师项目\研究\caiqiyue_file\paper-new-round22\configs\experiments\bandit_data_collection\microblog\r22dc_microblog_seed2020_k22.yaml	paper-new-round22/outputs/bandit_data_collection/microblog/seed2020/k22
r22dc_microblog_seed3030_k18	microblog	3030	18	0	D:\学习记录\导师项目\研究\caiqiyue_file\paper-new-round22\configs\experiments\bandit_data_collection\microblog\r22dc_microblog_seed3030_k18.yaml	paper-new-round22/outputs/bandit_data_collection/microblog/seed3030/k18
r22dc_microblog_seed3030_k19	microblog	3030	19	0.25	D:\学习记录\导师项目\研究\caiqiyue_file\paper-new-round22\configs\experiments\bandit_data_collection\microblog\r22dc_microblog_seed3030_k19.yaml	paper-new-round22/outputs/bandit_data_collection/microblog/seed3030/k19
r22dc_microblog_seed3030_k20	microblog	3030	20	0.5	D:\学习记录\导师项目\研究\caiqiyue_file\paper-new-round22\configs\experiments\bandit_data_collection\microblog\r22dc_microblog_seed3030_k20.yaml	paper-new-round22/outputs/bandit_data_collection/microblog/seed3030/k20
r22dc_microblog_seed3030_k21	microblog	3030	21	0.75	D:\学习记录\导师项目\研究\caiqiyue_file\paper-new-round22\configs\experiments\bandit_data_collection\microblog\r22dc_microblog_seed3030_k21.yaml	paper-new-round22/outputs/bandit_data_collection/microblog/seed3030/k21
r22dc_microblog_seed3030_k22	microblog	3030	22	1	D:\学习记录\导师项目\研究\caiqiyue_file\paper-new-round22\configs\experiments\bandit_data_collection\microblog\r22dc_microblog_seed3030_k22.yaml	paper-new-round22/outputs/bandit_data_collection/microblog/seed3030/k22
